기관명,지점명,코드명,위도,경도,장비구분,제조사,모델명,제조번호,검정필번호,최종검정일,검정유효기간,접수번호,검정일
기상청,경산,OGSB,35.7685,128.8971,기록계,Nanometrics,CENTAUR,8643,I-2021-74,2021-09-17,2026-09-16,O-2026-65,2026-05-27
기상청,경산,OGSB,35.7685,128.8971,속도계,Nanometrics,Trillium 120 PH,981,I-2021-82,2021-10-12,2026-10-11,O-2026-65,2026-05-27
기상청,경산,OGSB,35.7685,128.8971,가속도계,Nanometrics,Titan PH,2581,I-2021-87,2021-10-19,2026-10-18,O-2026-65,2026-05-27
기상청,대관령,JDGB,37.6904,128.6742,기록계,Nanometrics,CENTAUR,8656,I-2021-78,2021-10-01,2026-09-30,O-2026-97,2026-07-01
기상청,대관령,JDGB,37.6904,128.6742,속도계,Nanometrics,Trillium 120 PH,978,I-2021-79,2021-10-06,2026-10-05,O-2026-97,2026-07-01
기상청,대관령,JDGB,37.6904,128.6742,가속도계,Nanometrics,Titan PH,2577,I-2021-83,2021-10-13,2026-10-12,O-2026-97,2026-07-01
기상청,대청도,DDCB,37.8317,124.7069,기록계,Nanometrics,CENTAUR,8644,I-2021-74,2021-09-17,2026-09-16,,
기상청,대청도,DDCB,37.8317,124.7069,속도계,Nanometrics,Trillium 120 PH,982,I-2021-83,2021-10-13,2026-10-12,,
기상청,대청도,DDCB,37.8317,124.7069,가속도계,Nanometrics,Titan PH,2582,I-2021-87,2021-10-19,2026-10-18,,
기상청,밀양,PMYA,35.5018,128.7606,가속도계,Nanometrics,Titan PH,2576,I-2021-83,2021-10-13,2026-10-12,O-2026-8,2026-02-12
기상청,새만금,MSMB,35.6891,126.5562,속도계,Nanometrics,Trillium 120 PH,989,I-2021-90,2021-10-22,2026-10-21,,
기상청,새만금,MSMB,35.6891,126.5562,가속도계,Nanometrics,Titan PH,2596,I-2021-91,2021-10-22,2026-10-21,I-2026-101,2026-06-25
기상청,시흥,ISHB,37.3488,126.7039,기록계,Nanometrics,CENTAUR,8652,I-2021-77,2021-10-01,2026-09-30,O-2026-99,2026-07-07
기상청,시흥,ISHB,37.3488,126.7039,속도계,Nanometrics,Trillium 120 PH,988,I-2021-89,2021-10-21,2026-10-20,O-2026-99,2026-07-07
기상청,시흥,ISHB,37.3488,126.7039,가속도계,Nanometrics,Titan PH,2595,I-2021-90,2021-10-22,2026-10-21,O-2026-99,2026-07-07
기상청,안동,OADB,36.5245,128.8314,기록계,Nanometrics,CENTAUR,8649,I-2021-76,2021-09-24,2026-09-23,O-2026-61,2026-05-14
기상청,안동,OADB,36.5245,128.8314,속도계,Nanometrics,Trillium 120 PH,985,I-2021-86,2021-10-18,2026-10-17,O-2026-61,2026-05-14
기상청,안동,OADB,36.5245,128.8314,가속도계,Nanometrics,Titan PH,2592,I-2021-89,2021-10-21,2026-10-20,O-2026-61,2026-05-14
기상청,양평,IYPA,37.4914,127.5218,기록계,Nanometrics,CENTAUR,8624,I-2021-67,2021-09-09,2026-09-08,O-2026-104,2026-07-14
기상청,양평,IYPA,37.4914,127.5218,가속도계,Nanometrics,Titan PH,2549,I-2021-66,2021-09-08,2026-09-07,O-2026-104,2026-07-14
기상청,옥계,JOGB,37.621,128.9801,기록계,Nanometrics,CENTAUR,8655,I-2021-78,2021-10-01,2026-09-30,O-2026-51,2026-04-29
기상청,옥계,JOGB,37.621,128.9801,속도계,Nanometrics,Trillium 120 PH,980,I-2021-80,2021-10-07,2026-10-06,O-2026-51,2026-04-29
기상청,옥계,JOGB,37.621,128.9801,가속도계,Nanometrics,Titan PH,2260,I-2021-79,2021-10-06,2026-10-05,O-2026-51,2026-04-29
기상청,온정,OOJB,36.701999,129.408396,기록계,Nanometrics,CENTAUR,8642,I-2021-74,2021-09-17,2026-09-16,O-2026-74,2026-06-02
기상청,온정,OOJB,36.701999,129.408396,속도계,Nanometrics,Trillium 120 PH,979,I-2021-81,2021-10-08,2026-10-07,O-2026-74,2026-06-02
기상청,온정,OOJB,36.701999,129.408396,가속도계,Nanometrics,Titan PH,2580,I-2021-86,2021-10-18,2026-10-17,O-2026-74,2026-06-02
기상청,원주,JWJB,37.4155,128.0505,기록계,Nanometrics,CENTAUR,8638,I-2021-73,2021-09-16,2026-09-15,O-2026-42,2026-04-17
기상청,원주,JWJB,37.4155,128.0505,속도계,Nanometrics,Trillium 120 PH,977,I-2021-79,2021-10-06,2026-10-05,O-2026-42,2026-04-17
기상청,원주,JWJB,37.4155,128.0505,가속도계,Nanometrics,Titan PH,2575,I-2021-82,2021-10-12,2026-10-11,O-2026-42,2026-04-17
기상청,음성,KESB,36.9537,127.6048,기록계,Nanometrics,CENTAUR,8636,I-2021-72,2021-09-14,2026-09-13,O-2026-71,2026-05-29
기상청,음성,KESB,36.9537,127.6048,속도계,Nanometrics,Trillium 120 PH,968,I-2021-62,2021-09-02,2026-09-01,O-2026-71,2026-05-29
기상청,청주,CE2A,36.6268,127.5135,기록계,Kinemetrics,Q330HRS,6096,O-2021-7,2021-04-09,2026-04-08,O-2026-34,2026-04-01
기상청,청주,CE2A,36.6268,127.5135,가속도계,Kinemetrics,ES-DH,453,O-2021-7,2021-04-09,2026-04-08,O-2026-34,2026-04-01
기상청,평택,IPTA,36.9969,127.1354,기록계,Nanometrics,CENTAUR,8654,I-2021-77,2021-10-01,2026-09-30,O-2026-138,2026-08-14
기상청,평택,IPTA,36.9969,127.1354,가속도계,Nanometrics,Titan PH,2598,I-2021-91,2021-10-22,2026-10-21,O-2026-138,2026-08-14
기상청,포항,OPHB,36.1905,129.3392,기록계,Nanometrics,CENTAUR,8650,I-2021-76,2021-09-24,2026-09-23,O-2026-56,2026-05-08
기상청,포항,OPHB,36.1905,129.3392,속도계,Nanometrics,Trillium 120 PH,986,I-2021-87,2021-10-19,2026-10-18,O-2026-56,2026-05-08
기상청,포항,OPHB,36.1905,129.3392,가속도계,Nanometrics,Titan PH,2593,I-2021-89,2021-10-21,2026-10-20,O-2026-56,2026-05-08
기상청,화천,JHCB,38.2322,127.6888,기록계,Nanometrics,CENTAUR,8646,I-2021-75,2021-09-23,2026-09-22,O-2026-54,2026-05-07
기상청,화천,JHCB,38.2322,127.6888,속도계,Nanometrics,Trillium 120 PH,983,I-2021-85,2021-10-15,2026-10-14,O-2026-54,2026-05-07
기상청,화천,JHCB,38.2322,127.6888,가속도계,Nanometrics,Titan PH,2583,I-2021-88,2021-10-20,2026-10-19,O-2026-54,2026-05-07
기상청,흑산도,NHSB,34.6871,125.4504,기록계,Nanometrics,CENTAUR,8651,I-2021-76,2021-09-24,2026-09-23,O-2026-114,2026-07-29
기상청,흑산도,NHSB,34.6871,125.4504,속도계,Nanometrics,Trillium 120 PH,987,I-2021-88,2021-10-20,2026-10-19,O-2026-114,2026-07-29
기상청,흑산도,NHSB,34.6871,125.4504,가속도계,Nanometrics,Titan PH,2594,I-2021-90,2021-10-22,2026-10-21,O-2026-114,2026-07-29
기상청,안중,INJA,36.993,126.918474,기록계,Nanometrics,CENTAUR,8618,I-2021-65,2021-09-07,2026-09-06,O-2026-137,2026-08-13
기상청,안중,INJA,36.993,126.918474,가속도계,Nanometrics,Titan PH,2542,I-2021-66,2021-09-08,2026-09-07,O-2026-137,2026-08-13
기상청,구정,JGJA,37.704719,128.913415,기록계,Nanometrics,CENTAUR,8633,I-2021-69,2021-09-13,2026-09-12,O-2026-50,2026-04-28
기상청,구정,JGJA,37.704719,128.913415,가속도계,Nanometrics,Titan PH,2541,I-2021-80,2021-10-07,2026-10-06,O-2026-50,2026-04-28
기상청,진부,JJBA,37.647925,128.564524,기록계,Nanometrics,CENTAUR,8631,I-2021-69,2021-09-13,2026-09-12,O-2026-46,2026-04-22
기상청,진부,JJBA,37.647925,128.564524,가속도계,Nanometrics,Titan PH,2554,I-2021-68,2021-09-09,2026-09-08,O-2026-46,2026-04-22
기상청,소보,OSBA,36.276214,128.466333,기록계,Nanometrics,CENTAUR,8616,I-2021-67,2021-09-09,2026-09-08,O-2026-63,2026-05-19
기상청,소보,OSBA,36.276214,128.466333,가속도계,Nanometrics,Titan PH,2539,I-2021-64,2021-09-06,2026-09-05,O-2026-63,2026-05-19
기상청,울진북,OUJA,37.11573,129.370242,기록계,Nanometrics,CENTAUR,8635,I-2021-72,2021-09-14,2026-09-13,O-2026-73,2026-06-01
기상청,울진북,OUJA,37.11573,129.370242,가속도계,Nanometrics,Titan PH,2556,I-2021-81,2021-10-08,2026-10-07,O-2026-73,2026-06-01
기상청,화북,OHBA,36.138884,128.994749,기록계,Nanometrics,CENTAUR,8622,I-2021-65,2021-09-07,2026-09-06,O-2026-52,2026-05-06
기상청,화북,OHBA,36.138884,128.994749,가속도계,Nanometrics,Titan PH,2543,I-2021-66,2021-09-08,2026-09-07,O-2026-52,2026-05-06
기상청,황성,OWSA,35.863047,129.209289,기록계,Nanometrics,CENTAUR,8645,I-2021-75,2021-09-23,2026-09-22,I-2026-74,2026-05-07
기상청,황성,OWSA,35.863047,129.209289,가속도계,Nanometrics,Titan PH,2578,I-2021-85,2021-10-15,2026-10-14,I-2026-74,2026-05-07
기상청,풍산,OPSA,36.580989,128.560634,기록계,Nanometrics,CENTAUR,8625,I-2021-67,2021-09-09,2026-09-08,O-2026-58,2026-05-13
기상청,풍산,OPSA,36.580989,128.560634,가속도계,Nanometrics,Titan PH,2553,I-2021-68,2021-09-09,2026-09-08,O-2026-58,2026-05-13
기상청,경북장수,OJSA,36.786901,128.571418,기록계,Nanometrics,CENTAUR,8634,I-2021-72,2021-09-14,2026-09-13,O-2026-57,2026-05-11
기상청,경북장수,OJSA,36.786901,128.571418,가속도계,Nanometrics,Titan PH,2555,I-2021-80,2021-10-07,2026-10-06,O-2026-57,2026-05-11
기상청,달성,CDSA,35.704465,128.444361,기록계,Nanometrics,CENTAUR,8637,I-2021-73,2021-09-16,2026-09-15,O-2026-62,2026-05-18
기상청,달성,CDSA,35.704465,128.444361,가속도계,Nanometrics,Titan PH,2574,I-2021-82,2021-10-12,2026-10-11,O-2026-62,2026-05-18
기상청,팔금,NPGA,34.786946,126.147751,기록계,Nanometrics,CENTAUR,8586,I-2021-63,2021-09-03,2026-09-02,O-2026-107,2026-07-20
기상청,팔금,NPGA,34.786946,126.147751,가속도계,Nanometrics,Titan PH,2423,I-2021-62,2021-09-02,2026-09-01,O-2026-107,2026-07-20
기상청,함평남,NHPA,35.060394,126.527374,기록계,Nanometrics,CENTAUR,8567,I-2021-63,2021-09-03,2026-09-02,O-2026-38,2026-04-15
기상청,함평남,NHPA,35.060394,126.527374,가속도계,Nanometrics,Titan PH,2422,I-2021-62,2021-09-02,2026-09-01,O-2026-38,2026-04-15
기상청,강진,NGJA,34.644516,126.784051,기록계,Nanometrics,CENTAUR,8632,I-2021-69,2021-09-13,2026-09-12,O-2026-67,2026-05-28
기상청,강진,NGJA,34.644516,126.784051,가속도계,Nanometrics,Titan PH,2579,I-2021-86,2021-10-18,2026-10-17,O-2026-67,2026-05-28
기상청,송지,NSJA,34.381934,126.515861,기록계,Nanometrics,CENTAUR,8611,I-2021-63,2021-09-03,2026-09-02,O-2026-53,2026-05-07
기상청,송지,NSJA,34.381934,126.515861,가속도계,Nanometrics,Titan PH,2424,I-2021-64,2021-09-06,2026-09-05,O-2026-53,2026-05-07
기상청,약산,NYSA,34.378096,126.88675,기록계,Nanometrics,CENTAUR,8617,I-2021-65,2021-09-07,2026-09-06,O-2026-55,2026-05-08
기상청,약산,NYSA,34.378096,126.88675,가속도계,Nanometrics,Titan PH,2540,I-2021-64,2021-09-06,2026-09-05,O-2026-55,2026-05-08
기상청,세종,HSJB,36.5668,127.2804,기록계,Nanometrics,CENTAUR,8647,I-2021-75,2021-09-23,2026-09-22,O-2026-69,2026-05-28
기상청,세종,HSJB,36.5668,127.2804,속도계,Nanometrics,Trillium 120 PH,984,I-2021-85,2021-10-15,2026-10-14,O-2026-69,2026-05-28
기상청,세종,HSJB,36.5668,127.2804,가속도계,Nanometrics,Titan PH,2585,I-2021-88,2021-10-20,2026-10-19,O-2026-69,2026-05-28
기상청,정선특별관측소,JSTB,37.192185,128.66809,기록계,Kinemetrics,Q330HRS,6994,I-2021-1,2021-01-08,2026-01-07,O-2026-1,2026-01-06
기상청,정선특별관측소,JSTB,37.192185,128.66809,속도계,Streckeisen,STS-5A,130947,I-2021-3,2021-01-15,2026-01-14,O-2026-1,2026-01-06
기상청,정선특별관측소,JSTB,37.192185,128.66809,가속도계,Kinemetrics,ES-DH,682,I-2021-2,2021-01-14,2026-01-13,O-2026-1,2026-01-06
기상청,거제,GEJA,34.998401,128.679686,기록계,Nanometrics,CENTAUR,9548,I-2022-93,2022-09-23,2027-09-22,O-2026-152,2026-08-26
기상청,거제,GEJA,34.998401,128.679686,가속도계,Nanometrics,Titan PH,2769,I-2022-85,2022-09-08,2027-09-07,O-2026-152,2026-08-26
기상청,고창,GOCB,35.348448,126.598183,기록계,Nanometrics,CENTAUR,9539,I-2022-80,2022-09-01,2027-08-31,O-2026-103,2026-07-14
기상청,고창,GOCB,35.348448,126.598183,속도계,Nanometrics,Trillium 120 PH,2786,I-2022-114,2022-10-20,2027-10-19,O-2026-103,2026-07-14
기상청,고창,GOCB,35.348448,126.598183,가속도계,Nanometrics,Titan PH,2837,I-2022-86,2022-09-13,2027-09-12,O-2026-103,2026-07-14
기상청,고흥,KH2B,34.6185,127.2757,가속도계,Kinemetrics,ES-DH,680,I-2022-73,2022-08-11,2027-08-10,O-2026-60,2026-05-14
기상청,광양,GWYB,34.943289,127.691414,기록계,Nanometrics,CENTAUR,9581,I-2022-97,2022-09-30,2027-09-29,O-2026-33,2026-04-01
기상청,광양,GWYB,34.943289,127.691414,속도계,Nanometrics,Trillium 120 PH,2788,I-2022-114,2022-10-20,2027-10-19,O-2026-33,2026-04-01
기상청,광양,GWYB,34.943289,127.691414,가속도계,Nanometrics,Titan PH,2966,I-2022-102,2022-10-11,2027-10-10,O-2026-33,2026-04-01
기상청,남원,NAWB,35.42117,127.396272,기록계,Nanometrics,CENTAUR,9570,I-2022-95,2022-09-28,2027-09-27,I-2026-102,2026-06-29
기상청,남원,NAWB,35.42117,127.396272,속도계,Nanometrics,Trillium 120 PH,2792,I-2022-115,2022-10-21,2027-10-20,,
기상청,남원,NAWB,35.42117,127.396272,가속도계,Nanometrics,Titan PH,2965,I-2022-102,2022-10-11,2027-10-10,I-2026-12,2026-01-20
기상청,보령,PORA,36.327826,126.557519,기록계,Nanometrics,CENTAUR,9538,I-2022-80,2022-09-01,2027-08-31,,
기상청,보령,PORA,36.327826,126.557519,가속도계,Nanometrics,Titan PH,2938,I-2022-88,2022-09-15,2027-09-14,,
기상청,대서,DASB,34.744836,127.273148,기록계,Nanometrics,CENTAUR,9569,I-2022-95,2022-09-28,2027-09-27,O-2026-59,2026-05-13
기상청,대서,DASB,34.744836,127.273148,속도계,Nanometrics,Trillium 120 PH,2803,I-2022-117,2022-10-26,2027-10-25,O-2026-59,2026-05-13
기상청,대서,DASB,34.744836,127.273148,가속도계,Nanometrics,Titan PH,2836,I-2022-86,2022-09-13,2027-09-12,O-2026-59,2026-05-13
기상청,서산,SESB,36.776666,126.493851,기록계,Nanometrics,CENTAUR,9559,I-2022-93,2022-09-23,2027-09-22,,
기상청,서산,SESB,36.776666,126.493851,속도계,Nanometrics,Trillium 120 PH,2800,I-2022-122,2022-11-11,2027-11-10,,
기상청,서산,SESB,36.776666,126.493851,가속도계,Nanometrics,Titan PH,2960,I-2022-122,2022-11-11,2027-11-10,,
기상청,순창,SUCA,35.373621,127.138635,기록계,Nanometrics,CENTAUR,9573,I-2022-96,2022-09-29,2027-09-28,O-2026-106,2026-07-16
기상청,순창,SUCA,35.373621,127.138635,가속도계,Nanometrics,Titan PH,2768,I-2022-85,2022-09-08,2027-09-07,O-2026-106,2026-07-16
기상청,옥천,OKCB,36.34626,127.79412,기록계,Nanometrics,CENTAUR,9576,I-2022-96,2022-09-29,2027-09-28,O-2026-78,2026-06-08
기상청,옥천,OKCB,36.34626,127.79412,속도계,Nanometrics,Trillium 120 PH,2802,I-2022-117,2022-10-26,2027-10-25,O-2026-78,2026-06-08
기상청,옥천,OKCB,36.34626,127.79412,가속도계,Nanometrics,Titan PH,2967,I-2022-102,2022-10-11,2027-10-10,O-2026-78,2026-06-08
기상청,완주,WAJB,35.937821,127.293127,기록계,Nanometrics,CENTAUR,9574,I-2022-96,2022-09-29,2027-09-28,,
기상청,완주,WAJB,35.937821,127.293127,속도계,Nanometrics,Trillium 120 PH,2801,I-2022-119,2022-11-01,2027-10-31,,
기상청,완주,WAJB,35.937821,127.293127,가속도계,Nanometrics,Titan PH,2934,I-2022-98,2022-10-04,2027-10-03,,
기상청,욕지도,YKDB,34.6223,128.2734,속도계,Guralp,CMG-3TB,T38808,I-2022-12,2022-03-16,2027-03-15,,
기상청,의령,EURB,35.322492,128.288222,속도계,Nanometrics,Trillium 120 PH,2789,I-2022-115,2022-10-21,2027-10-20,O-2026-49,2026-04-28
기상청,의령,EURB,35.322492,128.288222,가속도계,Nanometrics,Titan PH,2949,I-2022-98,2022-10-04,2027-10-03,O-2026-49,2026-04-28
기상청,임원,IMWB,37.237934,129.342076,기록계,Nanometrics,CENTAUR,9541,I-2022-81,2022-09-02,2027-09-01,O-2026-144,2026-08-19
기상청,임원,IMWB,37.237934,129.342076,속도계,Nanometrics,Trillium 120 PH,2791,I-2022-118,2022-10-31,2027-10-30,O-2026-144,2026-08-19
기상청,임원,IMWB,37.237934,129.342076,가속도계,Nanometrics,Titan PH,2961,I-2022-100,2022-10-06,2027-10-05,O-2026-144,2026-08-19
기상청,춘천,CHCB,37.777551,127.814392,기록계,Nanometrics,CENTAUR,9553,I-2022-82,2022-09-05,2027-09-04,,
기상청,춘천,CHCB,37.777551,127.814392,속도계,Nanometrics,Trillium 120 PH,2804,I-2022-118,2022-10-31,2027-10-30,,
기상청,춘천,CHCB,37.777551,127.814392,가속도계,Nanometrics,Titan PH,2945,I-2022-88,2022-09-15,2027-09-14,,
기상청,한림,HA2B,33.392524,126.258308,기록계,Nanometrics,CENTAUR,9571,I-2022-95,2022-09-28,2027-09-27,,
기상청,한림,HA2B,33.392524,126.258308,속도계,Nanometrics,Trillium 120 PH,2794,I-2022-116,2022-10-25,2027-10-24,,
기상청,한림,HA2B,33.392524,126.258308,가속도계,Nanometrics,Titan PH,2835,I-2022-86,2022-09-13,2027-09-12,,
기상청,함양,HAMB,35.5115544,127.745693,기록계,Nanometrics,CENTAUR,9549,I-2022-81,2022-09-02,2027-09-01,I-2026-13,2026-01-22
기상청,함양,HAMB,35.5115544,127.745693,속도계,Nanometrics,Trillium 120 PH,2785,I-2022-114,2022-10-20,2027-10-19,O-2026-32,2026-03-31
기상청,함양,HAMB,35.5115544,127.745693,가속도계,Nanometrics,Titan PH,2946,I-2022-89,2022-09-16,2027-09-15,O-2026-32,2026-03-31
기상청,해남,HANB,34.554,126.5688,속도계,Guralp,CMG-3TB,T38828,I-2022-130,2022-12-07,2027-12-06,I-2026-60,2026-04-10
기상청,화성,HAWB,37.084445,126.773925,기록계,Nanometrics,CENTAUR,9558,I-2022-84,2022-09-07,2027-09-06,O-2026-135,2026-08-12
기상청,화성,HAWB,37.084445,126.773925,속도계,Nanometrics,Trillium 120 PH,2805,I-2022-123,2022-11-11,2027-11-10,O-2026-135,2026-08-12
기상청,화성,HAWB,37.084445,126.773925,가속도계,Nanometrics,Titan PH,2958,I-2022-122,2022-11-11,2027-11-10,O-2026-135,2026-08-12
기상청,밀양산내,MSNA,35.5884,128.9539,기록계,Kinemetrics,Q330S+,6497,I-2022-13,2022-03-17,2027-03-16,O-2026-3,2026-02-11
기상청,안흥,ANHA,37.464696,128.155024,가속도계,Nanometrics,Titan PH,2952,I-2022-89,2022-09-16,2027-09-15,O-2026-149,2026-08-21
기상청,현동,HYDA,36.283577,129.019264,기록계,Nanometrics,CENTAUR,9585,I-2022-97,2022-09-30,2027-09-29,O-2026-79,2026-06-09
기상청,현동,HYDA,36.283577,129.019264,가속도계,Nanometrics,Titan PH,2947,I-2022-89,2022-09-16,2027-09-15,O-2026-79,2026-06-09
기상청,봉화,BOHB,36.926326,129.053685,기록계,Nanometrics,CENTAUR,9556,I-2022-83,2022-09-06,2027-09-05,O-2026-132,2026-08-06
기상청,봉화,BOHB,36.926326,129.053685,속도계,Nanometrics,Trillium 120 PH,2787,I-2022-119,2022-11-01,2027-10-31,O-2026-132,2026-08-06
기상청,봉화,BOHB,36.926326,129.053685,가속도계,Nanometrics,Titan PH,2834,I-2022-85,2022-09-08,2027-09-07,O-2026-132,2026-08-06
기상청,김제,GIJA,35.796622,126.902045,기록계,Nanometrics,CENTAUR,9560,I-2022-84,2022-09-07,2027-09-06,,
기상청,김제,GIJA,35.796622,126.902045,가속도계,Nanometrics,Titan PH,2964,I-2022-101,2022-10-07,2027-10-06,,
기상청,성내,SENA,35.538485,126.742386,기록계,Nanometrics,CENTAUR,9542,I-2022-81,2022-09-02,2027-09-01,O-2026-105,2026-07-15
기상청,성내,SENA,35.538485,126.742386,가속도계,Nanometrics,Titan PH,2948,I-2022-92,2022-09-21,2027-09-20,O-2026-105,2026-07-15
기상청,풍양,PUYA,36.56179,128.306132,가속도계,Nanometrics,Titan PH,2944,I-2022-88,2022-09-15,2027-09-14,O-2026-77,2026-06-05
기상청,성주,SEJA,35.947423,128.21703,기록계,Nanometrics,CENTAUR,9555,I-2022-83,2022-09-06,2027-09-05,O-2026-80,2026-06-10
기상청,성주,SEJA,35.947423,128.21703,가속도계,Nanometrics,Titan PH,2936,I-2022-87,2022-09-14,2027-09-13,O-2026-80,2026-06-10
기상청,처인,CHIA,37.127287,127.116933,기록계,Nanometrics,CENTAUR,9568,I-2022-94,2022-09-27,2027-09-26,O-2026-141,2026-08-18
기상청,처인,CHIA,37.127287,127.116933,가속도계,Nanometrics,Titan PH,2963,I-2022-101,2022-10-07,2027-10-06,O-2026-141,2026-08-18
기상청,고북,GOBA,36.657064,126.544051,기록계,Nanometrics,CENTAUR,9562,I-2022-92,2022-09-21,2027-09-20,,
기상청,고북,GOBA,36.657064,126.544051,가속도계,Nanometrics,Titan PH,2962,I-2022-101,2022-10-07,2027-10-06,,
기상청,담양,DAYA,35.310266,126.972796,기록계,Nanometrics,CENTAUR,9563,I-2022-93,2022-09-23,2027-09-22,O-2026-36,2026-04-14
기상청,담양,DAYA,35.310266,126.972796,가속도계,Nanometrics,Titan PH,2959,I-2022-100,2022-10-06,2027-10-05,O-2026-36,2026-04-14
기상청,증도,JEDA,35.001844,126.101988,기록계,Nanometrics,CENTAUR,9550,I-2022-82,2022-09-05,2027-09-04,,
기상청,증도,JEDA,35.001844,126.101988,가속도계,Nanometrics,Titan PH,2838,I-2022-87,2022-09-14,2027-09-13,,
기상청,자은,JAEB,34.879054,126.028758,기록계,Nanometrics,CENTAUR,9554,I-2022-83,2022-09-06,2027-09-05,O-2026-110,2026-07-21
기상청,자은,JAEB,34.879054,126.028758,속도계,Nanometrics,Trillium 120 PH,2790,I-2022-115,2022-10-21,2027-10-20,O-2026-110,2026-07-21
기상청,자은,JAEB,34.879054,126.028758,가속도계,Nanometrics,Titan PH,2950,I-2022-99,2022-10-05,2027-10-04,O-2026-110,2026-07-21
기상청,안덕,ANDB,33.25658,126.32875,기록계,Nanometrics,CENTAUR,9567,I-2022-94,2022-09-27,2027-09-26,,
기상청,안덕,ANDB,33.25658,126.32875,속도계,Nanometrics,Trillium 120 PH,2793,I-2022-116,2022-10-25,2027-10-24,,
기상청,안덕,ANDB,33.25658,126.32875,가속도계,Nanometrics,Titan PH,2935,I-2022-87,2022-09-14,2027-09-13,,
기상청,서귀포 남원,SNWA,33.279813,126.705114,기록계,Nanometrics,CENTAUR,9566,I-2022-94,2022-09-27,2027-09-26,,
기상청,서귀포 남원,SNWA,33.279813,126.705114,가속도계,Nanometrics,Titan PH,2943,I-2022-98,2022-10-04,2027-10-03,,
기상청,신철원4,NCS4,38.233306,127.369401,속도계,Nanometrics,Trillium 120 PH,2717,I-2022-68,2022-07-19,2027-07-18,,
기상청,가덕도,GDDB,34.9931,128.8313,기록계,Kinemetrics,Q330HRS,6119,O-2023-55,2023-05-24,2028-05-23,,
기상청,가덕도,GDDB,34.9931,128.8313,속도계,Guralp,CMG-3TB,T39498,O-2023-55,2023-05-24,2028-05-23,,
기상청,가덕도,GDDB,34.9931,128.8313,가속도계,Kinemetrics,ES-DH,461,O-2023-55,2023-05-24,2028-05-23,,
기상청,강릉,KAWA,37.8052,128.8548,기록계,Kinemetrics,Q330S+,5844,O-2023-33,2023-03-31,2028-03-30,,
기상청,강릉,KAWA,37.8052,128.8548,가속도계,Kinemetrics,ES-DH,471,O-2023-33,2023-03-31,2028-03-30,,
기상청,거문도,GMDB,34.0408,127.2882,기록계,Kinemetrics,Q330HRS,5910,O-2023-154,2023-11-23,2028-11-22,,
기상청,거문도,GMDB,34.0408,127.2882,가속도계,Kinemetrics,ES-DH,431,O-2023-154,2023-11-23,2028-11-22,,
기상청,거창,KCH2,35.614,127.9188,기록계,Kinemetrics,Q330HRS,6083,O-2023-60,2023-06-02,2028-06-01,,
기상청,거창,KCH2,35.614,127.9188,속도계,Guralp,CMG-40T-1,T43962,O-2023-60,2023-06-02,2028-06-01,,
기상청,거창,KCH2,35.614,127.9188,가속도계,Kinemetrics,ES-T,7399,O-2023-60,2023-06-02,2028-06-01,,
기상청,고산,GOSF,33.3027,126.182302,기록계,Kinemetrics,Q330HRS,5922,O-2023-149,2023-11-15,2028-11-14,,
기상청,고산,GOSF,33.3027,126.182302,속도계,Guralp,CMG-40T-1,T43768,O-2023-149,2023-11-15,2028-11-14,,
기상청,고산,GOSF,33.3027,126.182302,가속도계,Kinemetrics,ES-T,7055,O-2023-149,2023-11-15,2028-11-14,,
기상청,고흥,KH2B,34.6185,127.2757,기록계,Kinemetrics,Q330HRS,6588,O-2023-139,2023-11-08,2028-11-07,O-2026-60,2026-05-14
기상청,고흥,KH2B,34.6185,127.2757,속도계,Streckeisen,STS-5A,130935,O-2023-139,2023-11-08,2028-11-07,O-2026-60,2026-05-14
기상청,장성,JAGA,35.3196,126.8107,기록계,Kinemetrics,Q330S+,6776,O-2023-120,2023-10-19,2028-10-18,O-2026-82,2026-06-16
기상청,구미,GUMA,36.23470833,128.2902,기록계,Kinemetrics,Q330S+,6549,O-2023-116,2023-10-17,2028-10-16,,
기상청,구미,GUMA,36.23470833,128.2902,가속도계,Kinemetrics,ES-DH,496,O-2023-116,2023-10-17,2028-10-16,,
기상청,군위,GUWB,36.18242,128.5932,기록계,Kinemetrics,Q330HRS,6122,O-2023-12,2023-03-10,2028-03-09,I-2026-19,2026-01-29
기상청,김천,GICA,36.0812,128.1016,기록계,Kinemetrics,Q330S+,6773,O-2023-112,2023-10-16,2028-10-15,O-2026-101,2026-07-10
기상청,김천,GICA,36.0812,128.1016,가속도계,Kinemetrics,ES-DH,574,O-2023-112,2023-10-16,2028-10-15,O-2026-101,2026-07-10
기상청,나주,NAJA,35.0261,126.8264,기록계,Kinemetrics,Q330S+,6547,O-2023-20,2023-03-17,2028-03-16,,
기상청,나주,NAJA,35.0261,126.8264,가속도계,Kinemetrics,ES-DH,534,O-2023-20,2023-03-17,2028-03-16,O-2026-88,2026-06-18
기상청,남해,NAHA,34.8167,127.9261,기록계,Kinemetrics,Q330S+,6548,O-2023-79,2023-08-21,2028-08-20,O-2026-70,2026-05-29
기상청,남해,NAHA,34.8167,127.9261,가속도계,Kinemetrics,ES-DH,535,O-2023-79,2023-08-21,2028-08-20,O-2026-70,2026-05-29
기상청,대구,DAGA,35.8788,128.6527,기록계,Kinemetrics,Q330S+,6765,O-2023-122,2023-10-20,2028-10-19,,
기상청,대구,DAGA,35.8788,128.6527,가속도계,Kinemetrics,ES-DH,568,O-2023-122,2023-10-20,2028-10-19,,
기상청,대전,TEJ2,36.37249,127.371137,기록계,Kinemetrics,Q330S+,5846,O-2023-22,2023-03-21,2028-03-20,,
기상청,대전,TEJ2,36.37249,127.371137,가속도계,Kinemetrics,ES-T,7624,O-2023-22,2023-03-21,2028-03-20,,
기상청,동두천,DDCA,37.902,127.061,기록계,Kinemetrics,Q330HRS,6095,O-2023-105,2023-10-10,2028-10-09,,
기상청,동두천,DDCA,37.902,127.061,가속도계,Kinemetrics,ES-DH,452,O-2023-105,2023-10-10,2028-10-09,,
기상청,동해,TOHA,37.507,129.1238,기록계,Kinemetrics,Q330HRS,6091,O-2023-32,2023-03-30,2028-03-29,O-2026-146,2026-08-20
기상청,동해,TOHA,37.507,129.1238,가속도계,Kinemetrics,ES-DH,450,O-2023-32,2023-03-30,2028-03-29,O-2026-146,2026-08-20
기상청,목포,MOPB,34.8173,126.3812,기록계,Kinemetrics,Q330HRS,6392,O-2023-24,2023-03-22,2028-03-21,O-2026-115,2026-07-30
기상청,목포,MOPB,34.8173,126.3812,속도계,Guralp,CMG-3TB,T39671,I-2023-35,2023-04-28,2028-04-27,O-2026-115,2026-07-30
기상청,목포,MOPB,34.8173,126.3812,가속도계,Kinemetrics,ES-DH,488,O-2023-24,2023-03-22,2028-03-21,O-2026-115,2026-07-30
기상청,무등산,KWJU(초광대역),35.1599,126.9911,기록계,Kinemetrics,Q330HRS,5920,O-2023-115,2023-10-17,2028-10-16,,
기상청,무안,MANA,35.0941,126.285,기록계,Kinemetrics,Q330S+,6835,O-2023-117,2023-10-18,2028-10-17,O-2026-123,2026-08-04
기상청,무안,MANA,35.0941,126.285,가속도계,Kinemetrics,ES-DH,634,O-2023-117,2023-10-18,2028-10-17,O-2026-123,2026-08-04
기상청,문경,MGY2,36.6551667,128.060783,기록계,Kinemetrics,Q330HRS,6121,O-2023-19,2023-03-16,2028-03-15,,
기상청,문경,MGY2,36.6551667,128.060783,속도계,Guralp,CMG-40T-1,T43995,O-2023-19,2023-03-16,2028-03-15,,
기상청,문경,MGY2,36.6551667,128.060783,가속도계,Kinemetrics,ES-T,7603,O-2023-19,2023-03-16,2028-03-15,,
기상청,문산,MUS2,37.8862,126.7656,속도계,Guralp,CMG-40T-1,T44000,O-2023-107,2023-10-11,2028-10-10,,
기상청,문산,MUS2,37.8862,126.7656,가속도계,Kinemetrics,ES-T,7604,O-2023-107,2023-10-11,2028-10-10,,
기상청,밀양,PMYA,35.5018,128.7606,기록계,Nanometrics,CENTAUR,8640,I-2023-47,2023-06-27,2028-06-26,O-2026-8,2026-02-12
기상청,백령도,BAR2,37.9771,124.7142,기록계,Kinemetrics,Q330HRS,6123,O-2023-159,2023-11-30,2028-11-29,O-2026-129,2026-08-04
기상청,백령도,BAR2,37.9771,124.7142,속도계,Streckeisen,STS-2.5,140115,O-2023-159,2023-11-30,2028-11-29,O-2026-129,2026-08-04
기상청,백령도,BAR2,37.9771,124.7142,가속도계,Kinemetrics,ES-T,7601,O-2023-159,2023-11-30,2028-11-29,O-2026-129,2026-08-04
기상청,백운산,BAU,35.1027,127.5968,기록계,Kinemetrics,Q330HRS,6078,O-2023-5,2023-03-02,2028-03-01,,
기상청,백운산,BAU,35.1027,127.5968,속도계,Guralp,CMG-40T-1,T43958,O-2023-5,2023-03-02,2028-03-01,,
기상청,백운산,BAU,35.1027,127.5968,가속도계,Kinemetrics,ES-T,7395,O-2023-5,2023-03-02,2028-03-01,,
기상청,부론,BURB,37.2317,127.7486,기록계,Kinemetrics,Q330HRS,6022,O-2023-49,2023-04-18,2028-04-17,,
기상청,부론,BURB,37.2317,127.7486,속도계,Guralp,CMG-3TB,T39218,O-2023-49,2023-04-18,2028-04-17,,
기상청,부론,BURB,37.2317,127.7486,가속도계,Kinemetrics,ES-DH,444,O-2023-49,2023-04-18,2028-04-17,,
기상청,부안,PUAA,35.7295,126.7167,기록계,Kinemetrics,Q330HRS,6090,O-2023-13,2023-03-13,2028-03-12,,
기상청,부안,PUAA,35.7295,126.7167,가속도계,Kinemetrics,ES-DH,449,O-2023-13,2023-03-13,2028-03-12,,
기상청,부여,BUYB,36.2726,126.9206,기록계,Kinemetrics,Q330HRS,5919,O-2023-25,2023-03-22,2028-03-21,,
기상청,부여,BUYB,36.2726,126.9206,가속도계,Kinemetrics,ES-DH,440,O-2023-25,2023-03-22,2028-03-21,,
기상청,비금도,BGDB,34.7726,125.9469,기록계,Kinemetrics,Q330HRS,6021,O-2023-72,2023-08-03,2028-08-02,,
기상청,비금도,BGDB,34.7726,125.9469,속도계,Guralp,CMG-3TB,T39215,O-2023-72,2023-08-03,2028-08-02,,
기상청,비금도,BGDB,34.7726,125.9469,가속도계,Kinemetrics,ES-DH,445,O-2023-72,2023-08-03,2028-08-02,,
기상청,산청,SACA,35.4131,127.8789,기록계,Kinemetrics,Q330S+,5740,O-2023-6,2023-03-03,2028-03-02,O-2026-91,2026-06-24
기상청,산청,SACA,35.4131,127.8789,가속도계,Kinemetrics,ES-DH,467,O-2023-6,2023-03-03,2028-03-02,O-2026-91,2026-06-24
기상청,서귀포,SGP2,33.2587,126.4993,기록계,Kinemetrics,Q330HRS,6125,O-2023-146,2023-11-14,2028-11-13,,
기상청,서귀포,SGP2,33.2587,126.4993,속도계,Streckeisen,STS-2.5,140109,O-2023-146,2023-11-14,2028-11-13,,
기상청,서귀포,SGP2,33.2587,126.4993,가속도계,Kinemetrics,ES-T,7609,O-2023-146,2023-11-14,2028-11-13,,
기상청,소연평도,YPDB,37.608,125.71,가속도계,Nanometrics,Titan PH,3326,I-2023-105,2023-11-07,2028-11-06,,
기상청,속초,SKC2,38.2898,128.5219,기록계,Kinemetrics,Q330HRS,6077,O-2023-54,2023-05-10,2028-05-09,,
기상청,속초,SKC2,38.2898,128.5219,속도계,Guralp,CMG-40T-1,T43957,O-2023-54,2023-05-10,2028-05-09,,
기상청,속초,SKC2,38.2898,128.5219,가속도계,Kinemetrics,ES-T,7394,O-2023-54,2023-05-10,2028-05-09,,
기상청,순천,SCHA,35.0199,127.3692,기록계,Kinemetrics,Q330HRS,6088,O-2023-8,2023-03-07,2028-03-06,O-2026-75,2026-06-04
기상청,순천,SCHA,35.0199,127.3692,가속도계,Kinemetrics,ES-DH,447,O-2023-8,2023-03-07,2028-03-06,O-2026-75,2026-06-04
기상청,안면도,ANMA,36.5386,126.33,가속도계,Kinemetrics,ES-DH,469,O-2023-70,2023-08-02,2028-08-01,,
기상청,어청도,ECDB,36.1183,125.9797,기록계,Kinemetrics,Q330HRS,5895,O-2023-86,2023-09-05,2028-09-04,,
기상청,어청도,ECDB,36.1183,125.9797,속도계,Guralp,CMG-3TB,T38897,I-2023-35,2023-04-28,2028-04-27,,
기상청,어청도,ECDB,36.1183,125.9797,가속도계,Kinemetrics,ES-DH,429,O-2023-86,2023-09-05,2028-09-04,,
기상청,여수,YESA,34.7395,127.7405,기록계,Kinemetrics,Q330HRS,6089,O-2023-7,2023-03-06,2028-03-05,,
기상청,여수,YESA,34.7395,127.7405,가속도계,Kinemetrics,ES-DH,448,O-2023-7,2023-03-06,2028-03-05,,
기상청,연도,YNDB,34.4323,127.8011,기록계,Kinemetrics,Q330HRS,5911,O-2023-81,2023-08-22,2028-08-21,,
기상청,연도,YNDB,34.4323,127.8011,가속도계,Kinemetrics,ES-DH,432,O-2023-81,2023-08-22,2028-08-21,,
기상청,영광,YEGA,35.2837,126.4776,기록계,Kinemetrics,Q330S+,6767,O-2023-110,2023-10-12,2028-10-11,O-2026-96,2026-07-01
기상청,영광,YEGA,35.2837,126.4776,가속도계,Kinemetrics,ES-DH,569,O-2023-110,2023-10-12,2028-10-11,O-2026-96,2026-07-01
기상청,영덕,YODB,36.5333,129.4096,기록계,Kinemetrics,Q330HRS,5912,O-2023-39,2023-04-07,2028-04-06,O-2026-117,2026-07-30
기상청,영덕,YODB,36.5333,129.4096,속도계,Guralp,CMG-3TB,T38827,O-2023-39,2023-04-07,2028-04-06,O-2026-117,2026-07-30
기상청,영덕,YODB,36.5333,129.4096,가속도계,Kinemetrics,ES-DH,433,O-2023-39,2023-04-07,2028-04-06,O-2026-117,2026-07-30
기상청,성전,SEJF,34.75706,126.72691,기록계,Kinemetrics,Q330HRS,6080,O-2023-67,2023-08-01,2028-07-31,,
기상청,성전,SEJF,34.75706,126.72691,속도계,Guralp,CMG-40T-1,T43959,O-2023-67,2023-08-01,2028-07-31,,
기상청,성전,SEJF,34.75706,126.72691,가속도계,Kinemetrics,ES-T,7396,O-2023-67,2023-08-01,2028-07-31,,
기상청,영양,YEYB,36.6251,129.088,기록계,Kinemetrics,Q330HRS,6017,O-2023-38,2023-04-06,2028-04-05,O-2026-131,2026-08-05
기상청,영양,YEYB,36.6251,129.088,속도계,Guralp,CMG-3TB,T39216,O-2023-38,2023-04-06,2028-04-05,I-2026-106,2026-07-06
기상청,영양,YEYB,36.6251,129.088,가속도계,Kinemetrics,ES-DH,441,O-2023-38,2023-04-06,2028-04-05,O-2026-131,2026-08-05
기상청,영월,YOW2,37.1812,128.4569,기록계,Kinemetrics,Q330HRS,6081,O-2023-44,2023-04-12,2028-04-11,,
기상청,영월,YOW2,37.1812,128.4569,속도계,Guralp,CMG-40T-1,T43960,O-2023-44,2023-04-12,2028-04-11,,
기상청,영월,YOW2,37.1812,128.4569,가속도계,Kinemetrics,ES-T,7397,O-2023-44,2023-04-12,2028-04-11,,
기상청,영종도,YJDD,37.492732,126.453419,기록계,Kinemetrics,Q330S+,5848,O-2023-140,2023-11-09,2028-11-08,,
기상청,영종도,YJDD,37.492732,126.453419,가속도계,Kinemetrics,ES-T,7625,O-2023-140,2023-11-09,2028-11-08,,
기상청,영주,YOJB,36.872,128.5166,기록계,Kinemetrics,Q330HRS,5918,O-2023-17,2023-03-15,2028-03-14,,
기상청,영주,YOJB,36.872,128.5166,속도계,Guralp,CMG-3TB,T38899,O-2023-17,2023-03-15,2028-03-14,,
기상청,영주,YOJB,36.872,128.5166,가속도계,Kinemetrics,ES-DH,439,O-2023-17,2023-03-15,2028-03-14,,
기상청,영천,YOCB,35.9771,128.9511,기록계,Kinemetrics,Q330HRS,5915,O-2023-11,2023-03-09,2028-03-08,O-2026-154,2026-08-24
기상청,영천,YOCB,35.9771,128.9511,속도계,Guralp,CMG-3TB,T38896,O-2023-11,2023-03-09,2028-03-08,O-2026-154,2026-08-24
기상청,영천,YOCB,35.9771,128.9511,가속도계,Kinemetrics,ES-DH,436,O-2023-11,2023-03-09,2028-03-08,O-2026-154,2026-08-24
기상청,예산,YSAB,36.742,126.8156,기록계,Kinemetrics,Q330HRS,6020,O-2023-51,2023-04-20,2028-04-19,,
기상청,예산,YSAB,36.742,126.8156,가속도계,Kinemetrics,ES-DH,442,O-2023-51,2023-04-20,2028-04-19,,
기상청,완도,WAN2,34.3959,126.7019,기록계,Kinemetrics,Q330HRS,5923,O-2023-29,2023-03-27,2028-03-26,,
기상청,완도,WAN2,34.3959,126.7019,속도계,Guralp,CMG-40T-1,T43769,O-2023-29,2023-03-27,2028-03-26,,
기상청,완도,WAN2,34.3959,126.7019,가속도계,Kinemetrics,ES-T,7056,O-2023-29,2023-03-27,2028-03-26,,
기상청,외연도,OYDB,36.2292,126.0758,기록계,Kinemetrics,Q330HRS,5894,O-2023-71,2023-08-03,2028-08-02,,
기상청,외연도,OYDB,36.2292,126.0758,가속도계,Kinemetrics,ES-DH,428,O-2023-71,2023-08-03,2028-08-02,,
기상청,욕지도,YKDB,34.6223,128.2734,기록계,Kinemetrics,Q330HRS,5891,O-2023-104,2023-10-06,2028-10-05,,
기상청,욕지도,YKDB,34.6223,128.2734,가속도계,Kinemetrics,ES-DH,425,O-2023-104,2023-10-06,2028-10-05,,
기상청,용인,IYIB,37.2708,127.2317,기록계,Kinemetrics,Q330HRS,6111,O-2023-108,2023-10-12,2028-10-11,,
기상청,용인,IYIB,37.2708,127.2317,속도계,Guralp,CMG-3TB,T39499,O-2023-108,2023-10-12,2028-10-11,,
기상청,용인,IYIB,37.2708,127.2317,가속도계,Kinemetrics,ES-DH,464,O-2023-108,2023-10-12,2028-10-11,,
기상청,우도,UDO,33.5227,126.9538,기록계,Kinemetrics,Q330HRS,6133,O-2023-143,2023-11-14,2028-11-13,,
기상청,우도,UDO,33.5227,126.9538,속도계,Streckeisen,STS-2.5,140113,O-2023-143,2023-11-14,2028-11-13,,
기상청,우도,UDO,33.5227,126.9538,가속도계,Kinemetrics,ES-T,7613,O-2023-143,2023-11-14,2028-11-13,,
기상청,울산,USN2,35.7024,129.1232,기록계,Kinemetrics,Q330HRS,6084,O-2023-37,2023-04-06,2028-04-05,,
기상청,울산,USN2,35.7024,129.1232,속도계,Guralp,CMG-40T-1,T43963,O-2023-37,2023-04-06,2028-04-05,,
기상청,울산,USN2,35.7024,129.1232,가속도계,Kinemetrics,ES-T,7400,O-2023-37,2023-04-06,2028-04-05,,
기상청,음성,KESB,36.9537,127.6048,가속도계,Nanometrics,Titan PH,2573,I-2023-3,2023-01-12,2028-01-11,O-2026-71,2026-05-29
기상청,의성,EUSB,36.3561,128.6887,기록계,Kinemetrics,Q330HRS,5916,O-2023-10,2023-03-08,2028-03-07,O-2026-126,2026-08-03
기상청,의성,EUSB,36.3561,128.6887,가속도계,Kinemetrics,ES-DH,437,O-2023-10,2023-03-08,2028-03-07,O-2026-126,2026-08-03
기상청,이천,ICN2,37.2908,127.4167,가속도계,Kinemetrics,ES-T,7611,I-2023-51,2023-08-08,2028-08-07,,
기상청,인제,INJF,37.9632,128.0817,기록계,Kinemetrics,Q330HRS,6127,O-2023-89,2023-09-11,2028-09-10,,
기상청,인제,INJF,37.9632,128.0817,속도계,Guralp,CMG-40T-1,T43999,O-2023-89,2023-09-11,2028-09-10,,
기상청,인제,INJF,37.9632,128.0817,가속도계,Kinemetrics,ES-T,7606,O-2023-89,2023-09-11,2028-09-10,,
기상청,인천,INCA,37.4777,126.624,기록계,Kinemetrics,Q330HRS,6092,O-2023-111,2023-10-13,2028-10-12,,
기상청,인천,INCA,37.4777,126.624,가속도계,Kinemetrics,ES-DH,451,O-2023-111,2023-10-13,2028-10-12,,
기상청,장수,JASA,35.6571,127.5204,기록계,Kinemetrics,Q330S+,5845,O-2023-3,2023-02-21,2028-02-20,,
기상청,장수,JASA,35.6571,127.5204,가속도계,Kinemetrics,ES-DH,472,O-2023-3,2023-02-21,2028-02-20,,
기상청,장흥,JAHA,34.689,126.9194,기록계,Kinemetrics,Q330S+,5748,O-2023-23,2023-03-21,2028-03-20,O-2026-116,2026-07-31
기상청,장흥,JAHA,34.689,126.9194,가속도계,Kinemetrics,ES-DH,468,O-2023-23,2023-03-21,2028-03-20,O-2026-116,2026-07-31
기상청,정읍,JEU2,35.49345,126.929807,기록계,Kinemetrics,Q330HRS,6128,O-2023-18,2023-03-16,2028-03-15,,
기상청,정읍,JEU2,35.49345,126.929807,속도계,Guralp,CMG-40T-1,T43997,O-2023-28,2023-03-24,2028-03-23,,
기상청,정읍,JEU2,35.49345,126.929807,가속도계,Kinemetrics,ES-T,7608,O-2023-18,2023-03-16,2028-03-15,,
기상청,정자,JEJB,35.6374,129.4411,기록계,Kinemetrics,Q330HRS,6099,O-2023-40,2023-04-07,2028-04-06,,
기상청,정자,JEJB,35.6374,129.4411,속도계,Guralp,CMG-3TB,T39898,O-2023-40,2023-04-07,2028-04-06,,
기상청,정자,JEJB,35.6374,129.4411,가속도계,Kinemetrics,ES-DH,462,O-2023-40,2023-04-07,2028-04-06,,
기상청,제주,JJU2,33.4305,126.5463,기록계,Kinemetrics,Q330HRS,6124,O-2023-144,2023-11-14,2028-11-13,,
기상청,제주,JJU2,33.4305,126.5463,속도계,Streckeisen,STS-2.5,140110,O-2023-144,2023-11-14,2028-11-13,,
기상청,제주,JJU2,33.4305,126.5463,가속도계,Kinemetrics,ES-T,7602,O-2023-144,2023-11-14,2028-11-13,,
기상청,진주,JINA,35.1642,128.0402,기록계,Kinemetrics,Q330HRS,6086,O-2023-1,2023-02-17,2028-02-16,O-2026-47,2026-04-22
기상청,진주,JINA,35.1642,128.0402,가속도계,Kinemetrics,ES-DH,446,O-2023-1,2023-02-17,2028-02-16,O-2026-47,2026-04-22
기상청,철원→사내,CWO2,38.0834,127.5204,기록계,Kinemetrics,Q330HRS,6085,O-2023-90,2023-09-12,2028-09-11,,
기상청,철원→사내,CWO2,38.0834,127.5204,속도계,Guralp,CMG-40T-1,T43964,O-2023-90,2023-09-12,2028-09-11,,
기상청,철원→사내,CWO2,38.0834,127.5204,가속도계,Kinemetrics,ES-T,7401,O-2023-90,2023-09-12,2028-09-11,,
기상청,청산도,CSDB,34.1811,126.8956,기록계,Kinemetrics,Q330HRS,6129,O-2023-30,2023-03-28,2028-03-27,,
기상청,청산도,CSDB,34.1811,126.8956,속도계,Guralp,CMG-3TB,T39501,O-2023-30,2023-03-28,2028-03-27,,
기상청,청산도,CSDB,34.1811,126.8956,가속도계,Kinemetrics,ES-DH,463,O-2023-30,2023-03-28,2028-03-27,,
기상청,추자도,CJD,33.9593,126.2933,기록계,Kinemetrics,Q330HRS,5909,O-2023-137,2023-11-07,2028-11-06,,
기상청,추자도,CJD,33.9593,126.2933,속도계,Streckeisen,STS-2.5,130412,O-2023-137,2023-11-07,2028-11-06,,
기상청,추자도,CJD,33.9593,126.2933,가속도계,Kinemetrics,ES-T,7053,O-2023-137,2023-11-07,2028-11-06,,
기상청,추풍령,CPR2,36.2211,127.9718,기록계,Kinemetrics,Q330HRS,6082,O-2023-46,2023-04-14,2028-04-13,,
기상청,추풍령,CPR2,36.2211,127.9718,속도계,Guralp,CMG-40T-1,T43961,O-2023-46,2023-04-14,2028-04-13,,
기상청,추풍령,CPR2,36.2211,127.9718,가속도계,Kinemetrics,ES-T,7398,O-2023-46,2023-04-14,2028-04-13,,
기상청,춘양,CHYB,36.9439,128.9144,기록계,Kinemetrics,Q330HRS,5917,O-2023-15,2023-03-14,2028-03-13,O-2026-133,2026-08-07
기상청,춘양,CHYB,36.9439,128.9144,가속도계,Kinemetrics,ES-DH,438,O-2023-15,2023-03-14,2028-03-13,O-2026-133,2026-08-07
기상청,칠곡,CIGB,36.0398,128.3813,기록계,Kinemetrics,Q330HRS,6114,O-2023-9,2023-03-07,2028-03-06,,
기상청,칠곡,CIGB,36.0398,128.3813,속도계,Guralp,CMG-3TB,T39217,O-2023-9,2023-03-07,2028-03-06,,
기상청,칠곡,CIGB,36.0398,128.3813,가속도계,Kinemetrics,ES-DH,456,O-2023-9,2023-03-07,2028-03-06,,
기상청,태백,TBA2,37.1224,128.9523,기록계,Kinemetrics,Q330HRS,6130,O-2023-84,2023-09-01,2028-08-31,,
기상청,태백,TBA2,37.1224,128.9523,속도계,Guralp,CMG-40T-1,T43998,O-2023-84,2023-09-01,2028-08-31,,
기상청,태백,TBA2,37.1224,128.9523,가속도계,Kinemetrics,ES-T,7610,O-2023-84,2023-09-01,2028-08-31,,
기상청,태안,TANB,36.6731,126.1353,기록계,Kinemetrics,Q330HRS,6118,O-2023-68,2023-08-01,2028-07-31,,
기상청,태안,TANB,36.6731,126.1353,속도계,Guralp,CMG-3TB,T39500,O-2023-68,2023-08-01,2028-07-31,,
기상청,태안,TANB,36.6731,126.1353,가속도계,Kinemetrics,ES-DH,465,O-2023-68,2023-08-01,2028-07-31,,
기상청,통영,PTYC,34.8508,128.4376,기록계,Kinemetrics,Q330HRS,6132,O-2023-61,2023-06-08,2028-06-07,,
기상청,통영,PTYC,34.8508,128.4376,속도계,Guralp,CMG-40T-1,T43994,O-2023-61,2023-06-08,2028-06-07,,
기상청,통영,PTYC,34.8508,128.4376,가속도계,Kinemetrics,ES-T,7612,O-2023-61,2023-06-08,2028-06-07,,
기상청,하동,PHDA,35.1287,127.745,기록계,Kinemetrics,Q330S+,6557,O-2023-50,2023-04-20,2028-04-19,O-2026-48,2026-04-27
기상청,하동,PHDA,35.1287,127.745,가속도계,Kinemetrics,ES-DH,545,O-2023-50,2023-04-20,2028-04-19,O-2026-48,2026-04-27
기상청,합천,HCNA,35.5652,128.17,기록계,Kinemetrics,Q330HRS,6097,O-2023-4,2023-02-24,2028-02-23,O-2026-100,2026-07-08
기상청,합천,HCNA,35.5652,128.17,가속도계,Kinemetrics,ES-DH,454,O-2023-4,2023-02-24,2028-02-23,O-2026-100,2026-07-08
기상청,해남,HANB,34.554,126.5688,기록계,Kinemetrics,Q330HRS,6018,O-2023-69,2023-08-02,2028-08-01,,
기상청,홍천,HOCA,37.6838,127.8801,기록계,Kinemetrics,Q330S+,5843,O-2023-62,2023-07-04,2028-07-03,,
기상청,밀양산내,MSNA,35.5884,128.9539,가속도계,Kinemetrics,ES-DH,481,O-2023-34,2023-04-03,2028-04-02,O-2026-3,2026-02-11
기상청,진해,JNHA,35.1121,128.7536,기록계,Kinemetrics,Q330S+,6505,O-2023-47,2023-04-14,2028-04-13,O-2026-151,2026-08-25
기상청,진해,JNHA,35.1121,128.7536,가속도계,Kinemetrics,ES-DH,544,O-2023-47,2023-04-14,2028-04-13,O-2026-151,2026-08-25
기상청,화원,HAWA,34.671,126.3283,기록계,Kinemetrics,Q330S+,6519,O-2023-126,2023-10-24,2028-10-23,,
기상청,화원,HAWA,34.671,126.3283,가속도계,Kinemetrics,ES-DH,505,O-2023-126,2023-10-24,2028-10-23,,
기상청,용암,YGAA,35.8532,128.3657,기록계,Kinemetrics,Q330S+,6521,O-2023-121,2023-10-19,2028-10-18,O-2026-159,2026-08-27
기상청,용암,YGAA,35.8532,128.3657,가속도계,Kinemetrics,ES-DH,484,O-2023-121,2023-10-19,2028-10-18,O-2026-159,2026-08-27
기상청,수비,SUBA,36.7826,129.2211,기록계,Kinemetrics,Q330S+,6522,O-2023-65,2023-07-12,2028-07-11,O-2026-127,2026-08-04
기상청,수비,SUBA,36.7826,129.2211,가속도계,Kinemetrics,ES-DH,508,O-2023-65,2023-07-12,2028-07-11,O-2026-127,2026-08-04
기상청,단북,DNBA,36.3906,128.4284,기록계,Kinemetrics,Q330S+,6550,O-2023-98,2023-09-21,2028-09-20,O-2026-121,2026-07-31
기상청,단북,DNBA,36.3906,128.4284,가속도계,Kinemetrics,ES-DH,543,O-2023-98,2023-09-21,2028-09-20,O-2026-121,2026-07-31
기상청,야로,YALB,35.7279,128.1934,가속도계,Kinemetrics,ES-DH,514,O-2023-57,2023-05-26,2028-05-25,O-2026-145,2026-08-21
기상청,사천,SANA,35.008272,127.989194,기록계,Kinemetrics,Q330S+,6529,O-2023-141,2023-11-10,2028-11-09,O-2026-92,2026-06-26
기상청,사천,SANA,35.008272,127.989194,가속도계,Kinemetrics,ES-DH,495,O-2023-141,2023-11-10,2028-11-09,O-2026-92,2026-06-26
기상청,하일,HAIA,34.9444,128.1928,기록계,Kinemetrics,Q330S+,6531,O-2023-156,2023-11-29,2028-11-28,O-2026-93,2026-06-30
기상청,하일,HAIA,34.9444,128.1928,가속도계,Kinemetrics,ES-DH,518,O-2023-156,2023-11-29,2028-11-28,O-2026-93,2026-06-30
기상청,별량,BLLA,34.8646,127.4638,기록계,Kinemetrics,Q330S+,6532,O-2023-124,2023-10-23,2028-10-22,O-2026-76,2026-06-05
기상청,별량,BLLA,34.8646,127.4638,가속도계,Kinemetrics,ES-DH,519,O-2023-124,2023-10-23,2028-10-22,O-2026-76,2026-06-05
기상청,웅촌,UNCA,35.4695,129.2395,기록계,Kinemetrics,Q330S+,6533,O-2023-35,2023-04-04,2028-04-03,,
기상청,웅촌,UNCA,35.4695,129.2395,가속도계,Kinemetrics,ES-DH,520,O-2023-35,2023-04-04,2028-04-03,,
기상청,나로도,NLDA,34.5326,127.4673,기록계,Kinemetrics,Q330S+,6536,O-2023-153,2023-11-22,2028-11-21,O-2026-140,2026-08-19
기상청,내초,NACA,35.9505,126.591,기록계,Kinemetrics,Q330S+,6527,O-2023-85,2023-09-04,2028-09-03,,
기상청,내초,NACA,35.9505,126.591,가속도계,Kinemetrics,ES-DH,513,O-2023-85,2023-09-04,2028-09-03,,
기상청,익산금강,IKSB,35.9355,126.9747,기록계,Kinemetrics,Q330HRS,6389,O-2023-162,2023-12-06,2028-12-05,,
기상청,익산금강,IKSB,35.9355,126.9747,속도계,Guralp,CMG-3TB,T39849,O-2023-162,2023-12-06,2028-12-05,I-2026-78,2026-05-22
기상청,익산금강,IKSB,35.9355,126.9747,가속도계,Kinemetrics,ES-DH,527,O-2023-162,2023-12-06,2028-12-05,,
기상청,태인,TAIA,35.6507,126.9318,가속도계,Kinemetrics,ES-DH,480,O-2023-16,2023-03-15,2028-03-14,,
기상청,동향,DGHA,35.8352,127.5711,기록계,Kinemetrics,Q330S+,6541,O-2023-75,2023-08-08,2028-08-07,,
기상청,동향,DGHA,35.8352,127.5711,가속도계,Kinemetrics,ES-DH,525,O-2023-75,2023-08-08,2028-08-07,,
기상청,춘장대,CJDB,36.1741,126.5285,기록계,Kinemetrics,Q330HRS,6391,O-2023-87,2023-09-08,2028-09-07,,
기상청,춘장대,CJDB,36.1741,126.5285,속도계,Guralp,CMG-3TB,T39848,O-2023-87,2023-09-08,2028-09-07,I-2026-106,2026-07-06
기상청,춘장대,CJDB,36.1741,126.5285,가속도계,Kinemetrics,ES-DH,536,O-2023-87,2023-09-08,2028-09-07,,
기상청,고성,KOSB,38.6028,128.3595,기록계,Kinemetrics,Q330HRS,6014,I-2023-97,2023-10-30,2028-10-29,,
기상청,고성,KOSB,38.6028,128.3595,속도계,Streckeisen,STS-5A,130870,I-2023-45,2023-06-20,2028-06-19,,
기상청,표선,PYSB,33.3536,126.8167,속도계,Streckeisen,STS-5A,130914,I-2023-44,2023-06-16,2028-06-15,,
기상청,거금도,KKDA,34.4557,127.1222,기록계,Kinemetrics,Q330S+,6806,O-2023-155,2023-11-24,2028-11-23,O-2026-139,2026-08-18
기상청,거금도,KKDA,34.4557,127.1222,가속도계,Kinemetrics,ES-DH,582,O-2023-155,2023-11-24,2028-11-23,O-2026-139,2026-08-18
기상청,증산,JGNA,35.8754,128.0485,기록계,Kinemetrics,Q330S+,6797,O-2023-118,2023-10-18,2028-10-17,,
기상청,증산,JGNA,35.8754,128.0485,가속도계,Kinemetrics,ES-DH,611,O-2023-118,2023-10-18,2028-10-17,,
기상청,회남,HONA,36.4457,127.5791,기록계,Kinemetrics,Q330S+,6819,O-2023-123,2023-10-23,2028-10-22,,
기상청,회남,HONA,36.4457,127.5791,가속도계,Kinemetrics,ES-DH,581,O-2023-123,2023-10-23,2028-10-22,,
기상청,임실강진,ISGA,35.529307,127.159146,기록계,Nanometrics,CENTAUR,9540,I-2023-96,2023-10-27,2028-10-26,,
기상청,임실강진,ISGA,35.529307,127.159146,가속도계,Nanometrics,Titan PH,2951,I-2023-126,2023-12-08,2028-12-07,,
기상청,풍양,PUYA,36.56179,128.306132,기록계,Nanometrics,CENTAUR,9579,I-2023-96,2023-10-27,2028-10-26,O-2026-77,2026-06-05
기상청,사하,SAHX,35.09004,128.98393,기록계,Nanometrics,CENTAUR,10526,I-2023-58,2023-08-25,2028-08-24,,
기상청,사하,SAHX,35.09004,128.98393,가속도계,Nanometrics,Titan PH,3197,I-2023-60,2023-08-29,2028-08-28,,
기상청,기장,GJAA,35.3095,129.1996,기록계,Nanometrics,CENTAUR,10527,I-2023-58,2023-08-25,2028-08-24,O-2026-150,2026-08-24
기상청,기장,GJAA,35.3095,129.1996,가속도계,Nanometrics,Titan PH,3198,I-2023-60,2023-08-29,2028-08-28,O-2026-150,2026-08-24
기상청,의창,UICA,35.349754,128.605442,기록계,Nanometrics,CENTAUR,10528,I-2023-58,2023-08-25,2028-08-24,O-2026-72,2026-06-01
기상청,의창,UICA,35.349754,128.605442,가속도계,Nanometrics,Titan PH,3199,I-2023-60,2023-08-29,2028-08-28,O-2026-72,2026-06-01
기상청,단장,DAJA,35.48645,128.92911,기록계,Nanometrics,CENTAUR,10529,I-2023-59,2023-08-28,2028-08-27,,
기상청,단장,DAJA,35.48645,128.92911,가속도계,Nanometrics,Titan PH,3200,I-2023-62,2023-08-31,2028-08-30,,
기상청,삼랑진,SRGA,35.453871,128.808632,기록계,Nanometrics,CENTAUR,10530,I-2023-59,2023-08-28,2028-08-27,O-2026-134,2026-08-12
기상청,삼랑진,SRGA,35.453871,128.808632,가속도계,Nanometrics,Titan PH,3201,I-2023-62,2023-08-31,2028-08-30,O-2026-134,2026-08-12
기상청,함안,HAMA,35.266,128.348,가속도계,Nanometrics,Titan PH,3202,I-2023-62,2023-08-31,2028-08-30,O-2026-43,2026-04-21
기상청,방어,BAEA,35.48678,129.43531,기록계,Nanometrics,CENTAUR,10532,I-2023-61,2023-08-30,2028-08-29,,
기상청,방어,BAEA,35.48678,129.43531,가속도계,Nanometrics,Titan PH,3203,I-2023-64,2023-09-04,2028-09-03,,
기상청,군남,GUNA,35.219425,126.442881,기록계,Nanometrics,CENTAUR,10533,I-2023-61,2023-08-30,2028-08-29,O-2026-102,2026-07-14
기상청,군남,GUNA,35.219425,126.442881,가속도계,Nanometrics,Titan PH,3209,I-2023-70,2023-09-12,2028-09-11,O-2026-102,2026-07-14
기상청,법성,BESA,35.3303,126.4764,기록계,Nanometrics,CENTAUR,10534,I-2023-61,2023-08-30,2028-08-29,,
기상청,법성,BESA,35.3303,126.4764,가속도계,Nanometrics,Titan PH,3210,I-2023-64,2023-09-04,2028-09-03,,
기상청,광주,GWJA,35.172845,126.891644,기록계,Nanometrics,CENTAUR,10535,I-2023-63,2023-09-01,2028-08-31,O-2026-84,2026-06-17
기상청,광주,GWJA,35.172845,126.891644,가속도계,Nanometrics,Titan PH,3211,I-2023-64,2023-09-04,2028-09-03,O-2026-84,2026-06-17
기상청,하빈,HABA,35.906239,128.4463,기록계,Nanometrics,CENTAUR,10536,I-2023-63,2023-09-01,2028-08-31,O-2026-158,2026-08-26
기상청,하빈,HABA,35.906239,128.4463,가속도계,Nanometrics,Titan PH,3212,I-2023-66,2023-09-06,2028-09-05,O-2026-158,2026-08-26
기상청,옥포,OKPA,35.80279,128.44562,기록계,Nanometrics,CENTAUR,10537,I-2023-63,2023-09-01,2028-08-31,O-2026-156,2026-08-25
기상청,옥포,OKPA,35.80279,128.44562,가속도계,Nanometrics,Titan PH,3213,I-2023-66,2023-09-06,2028-09-05,O-2026-156,2026-08-25
기상청,내량,NARA,36.24935,128.55582,기록계,Nanometrics,CENTAUR,10538,I-2023-65,2023-09-05,2028-09-04,O-2026-83,2026-06-16
기상청,내량,NARA,36.24935,128.55582,가속도계,Nanometrics,Titan PH,3253,I-2023-66,2023-09-06,2028-09-05,O-2026-83,2026-06-16
기상청,외선미,OSMA,36.75735,129.34017,기록계,Nanometrics,CENTAUR,10539,I-2023-65,2023-09-05,2028-09-04,,
기상청,외선미,OSMA,36.75735,129.34017,가속도계,Nanometrics,Titan PH,3254,I-2023-68,2023-09-08,2028-09-07,,
기상청,전곡,JEGA,38.026166,127.061586,기록계,Nanometrics,CENTAUR,10540,I-2023-65,2023-09-05,2028-09-04,,
기상청,전곡,JEGA,38.026166,127.061586,가속도계,Nanometrics,Titan PH,3255,I-2023-68,2023-09-08,2028-09-07,,
기상청,군내,GNAA,37.888782,127.216797,기록계,Nanometrics,CENTAUR,10541,I-2023-67,2023-09-07,2028-09-06,,
기상청,군내,GNAA,37.888782,127.216797,가속도계,Nanometrics,Titan PH,3257,I-2023-70,2023-09-12,2028-09-11,,
기상청,상록,SARA,37.301,126.8222,기록계,Nanometrics,CENTAUR,10542,I-2023-67,2023-09-07,2028-09-06,,
기상청,상록,SARA,37.301,126.8222,가속도계,Nanometrics,Titan PH,3258,I-2023-70,2023-09-12,2028-09-11,,
기상청,분당,BUDA,37.367139,127.130493,기록계,Nanometrics,CENTAUR,10543,I-2023-67,2023-09-07,2028-09-06,,
기상청,분당,BUDA,37.367139,127.130493,가속도계,Nanometrics,Titan PH,3259,I-2023-72,2023-09-14,2028-09-13,,
기상청,대신,DASA,37.369503,127.586836,기록계,Nanometrics,CENTAUR,10544,I-2023-69,2023-09-11,2028-09-10,O-2026-160,2026-08-28
기상청,대신,DASA,37.369503,127.586836,가속도계,Nanometrics,Titan PH,3260,I-2023-72,2023-09-14,2028-09-13,O-2026-160,2026-08-28
기상청,신서,SINX,38.19488,127.10695,기록계,Nanometrics,CENTAUR,10545,I-2023-69,2023-09-11,2028-09-10,,
기상청,신서,SINX,38.19488,127.10695,가속도계,Nanometrics,Titan PH,3261,I-2023-72,2023-09-14,2028-09-13,,
기상청,용문산,YMSA,37.54553,127.61126,기록계,Nanometrics,CENTAUR,10546,I-2023-69,2023-09-11,2028-09-10,,
기상청,용문산,YMSA,37.54553,127.61126,가속도계,Nanometrics,Titan PH,3262,I-2023-73,2023-09-15,2028-09-14,,
기상청,소수,SOSA,36.856556,127.7433,기록계,Nanometrics,CENTAUR,10547,I-2023-71,2023-09-13,2028-09-12,,
기상청,소수,SOSA,36.856556,127.7433,가속도계,Nanometrics,Titan PH,3274,I-2023-73,2023-09-15,2028-09-14,,
기상청,호암,HOAA,36.960294,127.911558,기록계,Nanometrics,CENTAUR,10548,I-2023-71,2023-09-13,2028-09-12,,
기상청,호암,HOAA,36.960294,127.911558,가속도계,Nanometrics,Titan PH,3338,I-2023-89,2023-10-16,2028-10-15,,
기상청,세천,SEHA,36.340125,127.493678,기록계,Nanometrics,CENTAUR,10549,I-2023-71,2023-09-13,2028-09-12,,
기상청,세천,SEHA,36.340125,127.493678,가속도계,Nanometrics,Titan PH,3339,I-2023-89,2023-10-16,2028-10-15,,
기상청,백록담,HLCE,33.3614,126.53593,기록계,Nanometrics,CENTAUR,10591,I-2023-74,2023-09-18,2028-09-17,,
기상청,백록담,HLCE,33.3614,126.53593,속도계,Nanometrics,Trillium Horizon 120,3307,I-2023-74,2023-09-18,2028-09-17,,
기상청,거문도,GMDB,34.0408,127.2882,속도계,Guralp,CMG-3TB,T38825,I-2024-151,2024-12-12,2029-12-11,,
기상청,장성,JAGA,35.3196,126.8107,가속도계,Kinemetrics,ES-DH,578,I-2024-4,2024-01-29,2029-01-28,O-2026-82,2026-06-16
기상청,의정부,UJBA,37.7548,127.1063,기록계,Kinemetrics,Q330S+,6763,O-2024-82,2024-09-25,2029-09-24,,
기상청,의정부,UJBA,37.7548,127.1063,가속도계,Kinemetrics,ES-DH,566,O-2024-82,2024-09-25,2029-09-24,,
기상청,덕유산,DUSB,35.8942,127.7731,기록계,Kinemetrics,Q330HRS,6024,I-2024-34,2024-07-12,2029-07-11,,
기상청,덕유산,DUSB,35.8942,127.7731,속도계,Guralp,CMG-3TB,T39220,I-2024-143,2024-12-04,2029-12-03,,
기상청,덕유산,DUSB,35.8942,127.7731,가속도계,Kinemetrics,ES-DH,443,I-2024-37,2024-07-16,2029-07-15,,
기상청,창원,CGWB,35.1702,128.5721,기록계,Kinemetrics,Q330HRS,6387,O-2024-37,2024-07-17,2029-07-16,,
기상청,창원,CGWB,35.1702,128.5721,속도계,Guralp,CMG-3TB,T39619,O-2024-37,2024-07-17,2029-07-16,,
기상청,창원,CGWB,35.1702,128.5721,가속도계,Kinemetrics,ES-DH,507,O-2024-37,2024-07-17,2029-07-16,,
기상청,문산,MUS2,37.8862,126.7656,기록계,Kinemetrics,Q330HRS,6126,I-2024-152,2024-12-13,2029-12-12,,
기상청,보은,BON2,36.5482,127.7981,기록계,Kinemetrics,Q330HRS,6076,O-2024-53,2024-08-13,2029-08-12,,
기상청,보은,BON2,36.5482,127.7981,속도계,Guralp,CMG-40T-1,T43956,O-2024-53,2024-08-13,2029-08-12,,
기상청,보은,BON2,36.5482,127.7981,가속도계,Kinemetrics,ES-T,7388,O-2024-53,2024-08-13,2029-08-12,,
기상청,새만금,MSMB,35.6891,126.5562,기록계,Nanometrics,CENTAUR,8653,I-2024-152,2024-12-13,2029-12-12,I-2026-13,2026-01-22
기상청,서천,SECA,36.142,126.7519,기록계,Kinemetrics,Q330S+,6502,O-2024-49,2024-08-08,2029-08-07,,
기상청,서천,SECA,36.142,126.7519,가속도계,Kinemetrics,ES-DH,537,O-2024-49,2024-08-08,2029-08-07,,
기상청,수원,SWO2,37.2808,126.9824,기록계,Kinemetrics,Q330HRS,6393,O-2024-74,2024-09-23,2029-09-22,,
기상청,수원,SWO2,37.2808,126.9824,속도계,Guralp,CMG-40T-1,T44066,O-2024-74,2024-09-23,2029-09-22,,
기상청,수원,SWO2,37.2808,126.9824,가속도계,Kinemetrics,ES-T,8064,O-2024-74,2024-09-23,2029-09-22,,
기상청,양양,YAYB,38.0255,128.716,기록계,Kinemetrics,Q330HRS,6394,O-2024-168,2024-11-07,2029-11-06,,
기상청,양양,YAYB,38.0255,128.716,속도계,Guralp,CMG-3TB,T39847,O-2024-168,2024-11-07,2029-11-06,,
기상청,양양,YAYB,38.0255,128.716,가속도계,Kinemetrics,ES-DH,491,O-2024-168,2024-11-07,2029-11-06,,
기상청,연도,YNDB,34.4323,127.8011,속도계,Guralp,CMG-3TB,T38826,I-2024-151,2024-12-12,2029-12-11,,
기상청,울릉도,ULDR,37.4809,130.8987,기록계,Kinemetrics,Q330HRS,6385,O-2024-102,2024-10-11,2029-10-10,,
기상청,울릉도,ULDR,37.4809,130.8987,속도계,Guralp,CMG-3TB,T39869,O-2024-102,2024-10-11,2029-10-10,,
기상청,울릉도,ULDR,37.4809,130.8987,가속도계,Kinemetrics,ES-DH,506,O-2024-102,2024-10-11,2029-10-10,,
기상청,정선,JESA,37.4303,128.6653,기록계,Kinemetrics,Q330S+,6551,O-2024-31,2024-07-03,2029-07-02,,
기상청,정선,JESA,37.4303,128.6653,가속도계,Kinemetrics,ES-DH,516,O-2024-31,2024-07-03,2029-07-02,,
기상청,종로구,SODA,37.5714,126.9661,기록계,Kinemetrics,Q330S+,6552,O-2024-79,2024-09-24,2029-09-23,,
기상청,종로구,SODA,37.5714,126.9661,가속도계,Kinemetrics,ES-DH,540,O-2024-79,2024-09-24,2029-09-23,,
기상청,중랑구,JURA,37.6147,127.0868,가속도계,Kinemetrics,ES-DH,541,O-2024-81,2024-09-25,2029-09-24,,
기상청,창녕,CHRB,35.534185,128.477933,기록계,Kinemetrics,Q330HRS,6687,O-2024-15,2024-06-04,2029-06-03,,
기상청,창녕,CHRB,35.534185,128.477933,속도계,Streckeisen,STS-5A,130930,O-2024-15,2024-06-04,2029-06-03,,
기상청,창녕,CHRB,35.534185,128.477933,가속도계,Kinemetrics,ES-DH,612,O-2024-15,2024-06-04,2029-06-03,,
기상청,천안,CEA2,36.8231,127.2574,기록계,Kinemetrics,Q330HRS,6446,O-2024-43,2024-07-30,2029-07-29,,
기상청,천안,CEA2,36.8231,127.2574,속도계,Guralp,CMG-40T-1,T44067,O-2024-43,2024-07-30,2029-07-29,,
기상청,천안,CEA2,36.8231,127.2574,가속도계,Kinemetrics,ES-T,8070,O-2024-43,2024-07-30,2029-07-29,,
기상청,청송,CSOA,36.3878,129.0854,기록계,Kinemetrics,Q330S+,6535,O-2024-18,2024-06-05,2029-06-04,,
기상청,청송,CSOA,36.3878,129.0854,가속도계,Kinemetrics,ES-DH,499,O-2024-18,2024-06-05,2029-06-04,,
기상청,춘양,CHYB,36.9439,128.9144,속도계,Guralp,CMG-3TB,T38898,I-2024-154,2024-12-16,2029-12-15,,
기상청,해남,HANB,34.554,126.5688,가속도계,Kinemetrics,ES-DH,434,I-2024-51,2024-08-09,2029-08-08,,
기상청,거진,GEJB,38.4165,128.3858,기록계,Kinemetrics,Q330HRS,6380,O-2024-164,2024-11-05,2029-11-04,,
기상청,거진,GEJB,38.4165,128.3858,속도계,Guralp,CMG-3TB,T39846,I-2024-143,2024-12-04,2029-12-03,,
기상청,거진,GEJB,38.4165,128.3858,가속도계,Kinemetrics,ES-DH,479,O-2024-164,2024-11-05,2029-11-04,,
기상청,신기,SNGB,37.3465,129.0865,기록계,Kinemetrics,Q330HRS,6381,O-2024-169,2024-11-08,2029-11-07,,
기상청,신기,SNGB,37.3465,129.0865,속도계,Guralp,CMG-3TB,T39851,O-2024-169,2024-11-08,2029-11-07,,
기상청,신기,SNGB,37.3465,129.0865,가속도계,Kinemetrics,ES-DH,538,O-2024-169,2024-11-08,2029-11-07,,
기상청,인제북,IJBA,38.1208,128.3173,기록계,Kinemetrics,Q330S+,6546,O-2024-78,2024-09-24,2029-09-23,,
기상청,인제북,IJBA,38.1208,128.3173,가속도계,Kinemetrics,ES-DH,515,O-2024-78,2024-09-24,2029-09-23,,
기상청,김화,GMHB,38.25,127.421,기록계,Kinemetrics,Q330HRS,6382,O-2024-89,2024-09-27,2029-09-26,,
기상청,김화,GMHB,38.25,127.421,속도계,Guralp,CMG-3TB,T39850,O-2024-89,2024-09-27,2029-09-26,,
기상청,김화,GMHB,38.25,127.421,가속도계,Kinemetrics,ES-DH,485,O-2024-89,2024-09-27,2029-09-26,,
기상청,내면,NAMB,37.7711,128.3863,기록계,Kinemetrics,Q330HRS,6383,O-2024-75,2024-09-24,2029-09-23,,
기상청,내면,NAMB,37.7711,128.3863,속도계,Guralp,CMG-3TB,T39670,O-2024-75,2024-09-24,2029-09-23,,
기상청,내면,NAMB,37.7711,128.3863,가속도계,Kinemetrics,ES-DH,482,O-2024-75,2024-09-24,2029-09-23,,
기상청,청일,CGIA,37.5823,128.1527,기록계,Kinemetrics,Q330S+,6498,O-2024-73,2024-09-23,2029-09-22,,
기상청,청일,CGIA,37.5823,128.1527,가속도계,Kinemetrics,ES-DH,539,O-2024-73,2024-09-23,2029-09-22,,
기상청,김포,GMPB,37.6421,126.6756,기록계,Kinemetrics,Q330HRS,6447,O-2024-77,2024-09-24,2029-09-23,,
기상청,김포,GMPB,37.6421,126.6756,가속도계,Kinemetrics,ES-DH,552,O-2024-77,2024-09-24,2029-09-23,,
기상청,개천,GACA,35.1136,128.3071,기록계,Kinemetrics,Q330S+,6530,O-2024-29,2024-07-03,2029-07-02,,
기상청,개천,GACA,35.1136,128.3071,가속도계,Kinemetrics,ES-DH,492,O-2024-29,2024-07-03,2029-07-02,,
기상청,주촌,JUCA,35.2423,128.828,기록계,Kinemetrics,Q330S+,6500,O-2024-5,2024-05-13,2029-05-12,,
기상청,주촌,JUCA,35.2423,128.828,가속도계,Kinemetrics,ES-DH,493,O-2024-5,2024-05-13,2029-05-12,,
기상청,진영,JNYA,35.2822,128.7175,기록계,Kinemetrics,Q330S+,6501,O-2024-6,2024-05-17,2029-05-16,,
기상청,진영,JNYA,35.2822,128.7175,가속도계,Kinemetrics,ES-DH,542,O-2024-6,2024-05-17,2029-05-16,,
기상청,물금,MLGA,35.3113,128.997,기록계,Kinemetrics,Q330S+,6503,O-2024-4,2024-05-09,2029-05-08,,
기상청,물금,MLGA,35.3113,128.997,가속도계,Kinemetrics,ES-DH,497,O-2024-4,2024-05-09,2029-05-08,,
기상청,용정,YOJA,35.02234,128.49281,기록계,Kinemetrics,Q330S+,6504,O-2024-14,2024-05-30,2029-05-29,,
기상청,용정,YOJA,35.02234,128.49281,가속도계,Kinemetrics,ES-DH,498,O-2024-14,2024-05-30,2029-05-29,,
기상청,매물도,MMD,34.6488,128.5769,기록계,Kinemetrics,Q330HRS,6395,O-2024-3,2024-05-08,2029-05-07,,
기상청,매물도,MMD,34.6488,128.5769,속도계,Streckeisen,STS-2.5,150338,O-2024-3,2024-05-08,2029-05-07,,
기상청,매물도,MMD,34.6488,128.5769,가속도계,Kinemetrics,ES-T,8063,O-2024-3,2024-05-08,2029-05-07,,
기상청,강동,GGDA,35.9499,129.2531,기록계,Kinemetrics,Q330S+,6514,O-2024-33,2024-07-05,2029-07-04,,
기상청,강동,GGDA,35.9499,129.2531,가속도계,Kinemetrics,ES-DH,500,O-2024-33,2024-07-05,2029-07-04,,
기상청,경주산내,GSNA,35.7576,129.0109,기록계,Kinemetrics,Q330S+,6515,O-2024-30,2024-07-03,2029-07-02,,
기상청,경주산내,GSNA,35.7576,129.0109,가속도계,Kinemetrics,ES-DH,501,O-2024-30,2024-07-03,2029-07-02,,
기상청,기계,GIGA,36.0689,129.1996,기록계,Kinemetrics,Q330S+,6525,O-2024-35,2024-07-11,2029-07-10,,
기상청,기계,GIGA,36.0689,129.1996,가속도계,Kinemetrics,ES-DH,510,O-2024-35,2024-07-11,2029-07-10,,
기상청,강구,GGGA,36.3637,129.3908,기록계,Kinemetrics,Q330S+,6517,O-2024-27,2024-06-27,2029-06-26,,
기상청,강구,GGGA,36.3637,129.3908,가속도계,Kinemetrics,ES-DH,503,O-2024-27,2024-06-27,2029-06-26,,
기상청,호미곶,HMGA,36.0761,129.5666,기록계,Kinemetrics,Q330S+,6518,O-2024-32,2024-07-04,2029-07-03,,
기상청,호미곶,HMGA,36.0761,129.5666,가속도계,Kinemetrics,ES-DH,504,O-2024-32,2024-07-04,2029-07-03,,
기상청,동로,DGLA,36.7907,128.2706,기록계,Kinemetrics,Q330S+,6524,O-2024-10,2024-05-24,2029-05-23,,
기상청,동로,DGLA,36.7907,128.2706,가속도계,Kinemetrics,ES-DH,502,O-2024-10,2024-05-24,2029-05-23,,
기상청,부석,BUSA,36.9791,128.6611,기록계,Kinemetrics,Q330S+,6523,O-2024-7,2024-05-21,2029-05-20,I-2026-19,2026-01-29
기상청,태하,TAHA,37.515,130.8118,기록계,Kinemetrics,Q330S+,6482,O-2024-104,2024-10-11,2029-10-10,,
기상청,태하,TAHA,37.515,130.8118,가속도계,Kinemetrics,ES-DH,487,O-2024-104,2024-10-11,2029-10-10,,
기상청,청도,CGDA,35.6628,128.6703,기록계,Kinemetrics,Q330S+,6526,O-2024-2,2024-02-16,2029-02-15,,
기상청,청도,CGDA,35.6628,128.6703,가속도계,Kinemetrics,ES-DH,512,O-2024-2,2024-02-16,2029-02-15,,
기상청,마령,MALA,35.7445,127.3477,기록계,Kinemetrics,Q330S+,6556,I-2024-1,2024-01-26,2029-01-25,,
기상청,마령,MALA,35.7445,127.3477,가속도계,Kinemetrics,ES-DH,528,O-2024-24,2024-06-21,2029-06-20,,
기상청,난지도,NJDA,37.0503,126.4221,기록계,Kinemetrics,Q330S+,6528,O-2024-22,2024-06-13,2029-06-12,,
기상청,난지도,NJDA,37.0503,126.4221,가속도계,Kinemetrics,ES-DH,494,O-2024-22,2024-06-13,2029-06-12,,
기상청,상면,SGMA,37.8282,127.288,가속도계,Kinemetrics,ES-DH,517,O-2024-84,2024-09-26,2029-09-25,,
기상청,내촌,NCNA,37.8197,128.0919,기록계,Kinemetrics,Q330S+,6534,O-2024-87,2024-09-26,2029-09-25,,
기상청,내촌,NCNA,37.8197,128.0919,가속도계,Kinemetrics,ES-DH,521,O-2024-87,2024-09-26,2029-09-25,,
기상청,교동,KYDA,37.8066,126.3242,기록계,Kinemetrics,Q330S+,6516,O-2024-238,2024-12-05,2029-12-04,,
기상청,교동,KYDA,37.8066,126.3242,가속도계,Kinemetrics,ES-DH,522,O-2024-238,2024-12-05,2029-12-04,,
기상청,나로도,NLDA,34.5326,127.4673,가속도계,Kinemetrics,ES-DH,523,I-2024-4,2024-01-29,2029-01-28,O-2026-140,2026-08-19
기상청,조도,JODB,34.3115,126.0437,기록계,Kinemetrics,Q330HRS,6388,O-2024-167,2024-11-07,2029-11-06,,
기상청,조도,JODB,34.3115,126.0437,속도계,Guralp,CMG-3TB,T39871,O-2024-167,2024-11-07,2029-11-06,,
기상청,조도,JODB,34.3115,126.0437,가속도계,Kinemetrics,ES-DH,490,O-2024-167,2024-11-07,2029-11-06,,
기상청,함평,HMPA,35.1413,126.6176,기록계,Kinemetrics,Q330S+,6537,I-2024-35,2024-07-12,2029-07-11,,
기상청,심원,SMWA,35.5259,126.5522,기록계,Kinemetrics,Q330S+,6539,O-2024-42,2024-07-30,2029-07-29,,
기상청,심원,SMWA,35.5259,126.5522,가속도계,Kinemetrics,ES-DH,526,O-2024-42,2024-07-30,2029-07-29,,
기상청,태인,TAIA,35.6507,126.9318,기록계,Kinemetrics,Q330S+,6540,I-2024-35,2024-07-12,2029-07-11,,
기상청,청운,CGUB,37.5583,127.7136,기록계,Kinemetrics,Q330HRS,6390,O-2024-90,2024-09-27,2029-09-26,,
기상청,청운,CGUB,37.5583,127.7136,속도계,Guralp,CMG-3TB,T39868,O-2024-90,2024-09-27,2029-09-26,,
기상청,청운,CGUB,37.5583,127.7136,가속도계,Kinemetrics,ES-DH,489,O-2024-90,2024-09-27,2029-09-26,,
기상청,유구,YUGA,36.5406,126.9473,기록계,Kinemetrics,Q330S+,6542,O-2024-12,2024-05-29,2029-05-28,,
기상청,유구,YUGA,36.5406,126.9473,가속도계,Kinemetrics,ES-DH,529,O-2024-12,2024-05-29,2029-05-28,,
기상청,벌곡,BLGA,36.1392,127.3032,기록계,Kinemetrics,Q330S+,6543,O-2024-11,2024-05-29,2029-05-28,,
기상청,벌곡,BLGA,36.1392,127.3032,가속도계,Kinemetrics,ES-DH,530,O-2024-11,2024-05-29,2029-05-28,,
기상청,덕산,DKSA,36.9044,128.1456,기록계,Kinemetrics,Q330S+,6544,O-2024-8,2024-05-22,2029-05-21,,
기상청,덕산,DKSA,36.9044,128.1456,가속도계,Kinemetrics,ES-DH,531,O-2024-8,2024-05-22,2029-05-21,,
기상청,청양,CGYA,36.4234767,126.7787833,기록계,Kinemetrics,Q330S+,6545,O-2024-13,2024-05-30,2029-05-29,,
기상청,청양,CGYA,36.4234767,126.7787833,가속도계,Kinemetrics,ES-DH,532,I-2024-11,2024-02-16,2029-02-15,,
기상청,앙성,AGSA,37.0917,127.808,기록계,Kinemetrics,Q330S+,6499,O-2024-9,2024-05-23,2029-05-22,,
기상청,앙성,AGSA,37.0917,127.808,가속도계,Kinemetrics,ES-DH,533,O-2024-9,2024-05-23,2029-05-22,,
기상청,고성,KOSB,38.6028,128.3595,가속도계,Kinemetrics,ES-DH,473,O-2024-166,2024-11-06,2029-11-05,,
기상청,만재도,MJDB,34.2074,125.469,기록계,Kinemetrics,Q330HRS,6683,I-2024-141,2024-11-29,2029-11-28,,
기상청,만재도,MJDB,34.2074,125.469,가속도계,Kinemetrics,ES-DH,605,I-2024-141,2024-11-29,2029-11-28,,
기상청,임자도,IJDB,35.1028,126.0651,기록계,Kinemetrics,Q330HRS,6592,O-2024-52,2024-08-13,2029-08-12,I-2026-105,2026-07-01
기상청,임자도,IJDB,35.1028,126.0651,속도계,Streckeisen,STS-5A,130928,O-2024-52,2024-08-13,2029-08-12,,
기상청,임자도,IJDB,35.1028,126.0651,가속도계,Kinemetrics,ES-DH,606,O-2024-52,2024-08-13,2029-08-12,I-2026-53,2026-04-07
기상청,문덕,MNDB,34.966515,127.160857,기록계,Kinemetrics,Q330HRS,6684,O-2024-17,2024-06-05,2029-06-04,,
기상청,문덕,MNDB,34.966515,127.160857,속도계,Streckeisen,STS-5A,130908,O-2024-17,2024-06-05,2029-06-04,,
기상청,문덕,MNDB,34.966515,127.160857,가속도계,Kinemetrics,ES-DH,607,O-2024-17,2024-06-05,2029-06-04,,
기상청,표선,PYSB,33.3536,126.8167,기록계,Kinemetrics,Q330HRS,6596,I-2024-34,2024-07-12,2029-07-11,,
기상청,위천,WICA,35.7312,127.8015,기록계,Kinemetrics,Q330S+,6788,O-2024-36,2024-07-12,2029-07-11,,
기상청,위천,WICA,35.7312,127.8015,가속도계,Kinemetrics,ES-DH,575,O-2024-36,2024-07-12,2029-07-11,,
기상청,지리산,JLSA,35.3574,127.648,기록계,Kinemetrics,Q330S+,6798,O-2024-38,2024-07-23,2029-07-22,,
기상청,지리산,JLSA,35.3574,127.648,가속도계,Kinemetrics,ES-DH,570,O-2024-38,2024-07-23,2029-07-22,,
기상청,영동,YEDA,36.1247,127.685,기록계,Kinemetrics,Q330S+,6787,I-2024-26,2024-05-07,2029-05-06,,
기상청,청풍,CGPA,34.8766,126.9709,기록계,Kinemetrics,Q330S+,6793,O-2024-44,2024-07-31,2029-07-30,,
기상청,청풍,CGPA,34.8766,126.9709,가속도계,Kinemetrics,ES-DH,598,O-2024-44,2024-07-31,2029-07-30,,
기상청,시종,SIJA,34.8954483,126.588043,기록계,Kinemetrics,Q330S+,6810,O-2024-51,2024-08-12,2029-08-11,,
기상청,시종,SIJA,34.8954483,126.588043,가속도계,Kinemetrics,ES-DH,620,O-2024-51,2024-08-12,2029-08-11,,
기상청,양북,YGBA,35.79543,129.3865,기록계,Kinemetrics,Q330S+,6817,O-2024-56,2024-08-26,2029-08-25,,
기상청,양북,YGBA,35.79543,129.3865,가속도계,Kinemetrics,ES-DH,626,O-2024-56,2024-08-26,2029-08-25,,
기상청,칠서,CLSA,35.3628,128.4907,기록계,Kinemetrics,Q330S+,6780,O-2024-34,2024-07-10,2029-07-09,,
기상청,칠서,CLSA,35.3628,128.4907,가속도계,Kinemetrics,ES-DH,630,O-2024-34,2024-07-10,2029-07-09,,
기상청,안흥,ANHA,37.464696,128.155024,기록계,Nanometrics,CENTAUR,9557,I-2024-152,2024-12-13,2029-12-12,O-2026-149,2026-08-21
기상청,함안,HAMA,35.266,128.348,기록계,Nanometrics,CENTAUR,10531,I-2024-16,2024-03-06,2029-03-05,O-2026-43,2026-04-21
기상청,서초,SHOA,37.48278,127.02895,기록계,Nanometrics,CENTAUR,10752,I-2024-90,2024-10-18,2029-10-17,,
기상청,서초,SHOA,37.48278,127.02895,가속도계,Nanometrics,Titan PH,3672,I-2024-131,2024-11-25,2029-11-24,,
기상청,북면,BUMA,37.898,127.55215,기록계,Nanometrics,CENTAUR,10753,I-2024-90,2024-10-18,2029-10-17,,
기상청,북면,BUMA,37.898,127.55215,가속도계,Nanometrics,Titan PH,3669,I-2024-129,2024-11-22,2029-11-21,,
기상청,장호원,JHWA,37.12094,127.61052,기록계,Nanometrics,CENTAUR,10754,I-2024-90,2024-10-18,2029-10-17,,
기상청,장호원,JHWA,37.12094,127.61052,가속도계,Nanometrics,Titan PH,3636,I-2024-94,2024-10-22,2029-10-21,,
기상청,고양,GOYA,37.70235,126.79019,기록계,Nanometrics,CENTAUR,10755,I-2024-93,2024-10-21,2029-10-20,,
기상청,고양,GOYA,37.70235,126.79019,가속도계,Nanometrics,Titan PH,3673,I-2024-131,2024-11-25,2029-11-24,,
기상청,모현,MOHA,37.31217,127.26929,기록계,Nanometrics,CENTAUR,10756,I-2024-93,2024-10-21,2029-10-20,,
기상청,모현,MOHA,37.31217,127.26929,가속도계,Nanometrics,Titan PH,3675,I-2024-135,2024-11-27,2029-11-26,,
기상청,안양,ANYA,37.39522,126.8918,기록계,Nanometrics,CENTAUR,10759,I-2024-93,2024-10-21,2029-10-20,,
기상청,안양,ANYA,37.39522,126.8918,가속도계,Nanometrics,Titan PH,3665,I-2024-128,2024-11-21,2029-11-20,,
기상청,남양,NAYA,37.20043,126.83133,기록계,Nanometrics,CENTAUR,10760,I-2024-95,2024-10-22,2029-10-21,,
기상청,남양,NAYA,37.20043,126.83133,가속도계,Nanometrics,Titan PH,3667,I-2024-128,2024-11-21,2029-11-20,,
기상청,백사,BASA,37.327903,127.48084,기록계,Nanometrics,CENTAUR,10761,I-2024-95,2024-10-22,2029-10-21,,
기상청,백사,BASA,37.327903,127.48084,가속도계,Nanometrics,Titan PH,3666,I-2024-128,2024-11-21,2029-11-20,,
기상청,백암,BAAX,37.1296,127.3663,기록계,Nanometrics,CENTAUR,10762,I-2024-95,2024-10-22,2029-10-21,,
기상청,백암,BAAX,37.1296,127.3663,가속도계,Nanometrics,Titan PH,3682,I-2024-140,2024-11-29,2029-11-28,,
기상청,원남,WONA,38.28807,127.58695,기록계,Nanometrics,CENTAUR,10763,I-2024-98,2024-10-23,2029-10-22,,
기상청,원남,WONA,38.28807,127.58695,가속도계,Nanometrics,Titan PH,3678,I-2024-138,2024-11-28,2029-11-27,,
기상청,충북보은,CBBA,36.48752,127.73418,기록계,Nanometrics,CENTAUR,10764,I-2024-98,2024-10-23,2029-10-22,,
기상청,충북보은,CBBA,36.48752,127.73418,가속도계,Nanometrics,Titan PH,3681,I-2024-140,2024-11-29,2029-11-28,,
기상청,해안,HAAA,38.25228,128.11281,기록계,Nanometrics,CENTAUR,10765,I-2024-98,2024-10-23,2029-10-22,,
기상청,해안,HAAA,38.25228,128.11281,가속도계,Nanometrics,Titan PH,3680,I-2024-140,2024-11-29,2029-11-28,,
기상청,북춘천,BCCA,37.94746,127.75422,기록계,Nanometrics,CENTAUR,10766,I-2024-101,2024-10-24,2029-10-23,,
기상청,북춘천,BCCA,37.94746,127.75422,가속도계,Nanometrics,Titan PH,3676,I-2024-135,2024-11-27,2029-11-26,,
기상청,왕산,WASA,37.57952,128.8572,기록계,Nanometrics,CENTAUR,10767,I-2024-101,2024-10-24,2029-10-23,,
기상청,왕산,WASA,37.57952,128.8572,가속도계,Nanometrics,Titan PH,3645,I-2024-97,2024-10-23,2029-10-22,,
기상청,노곡,NOGA,37.28545,129.18303,기록계,Nanometrics,CENTAUR,10768,I-2024-101,2024-10-24,2029-10-23,,
기상청,노곡,NOGA,37.28545,129.18303,가속도계,Nanometrics,Titan PH,3643,I-2024-109,2024-11-01,2029-10-31,,
기상청,침산,CHSA,36.26593,127.39234,기록계,Nanometrics,CENTAUR,10769,I-2024-102,2024-10-25,2029-10-24,,
기상청,침산,CHSA,36.26593,127.39234,가속도계,Nanometrics,Titan PH,3671,I-2024-131,2024-11-25,2029-11-24,,
기상청,직동,JIDA,36.41794,127.47803,기록계,Nanometrics,CENTAUR,10770,I-2024-102,2024-10-25,2029-10-24,,
기상청,직동,JIDA,36.41794,127.47803,가속도계,Nanometrics,Titan PH,3578,I-2024-91,2024-10-18,2029-10-17,,
기상청,계룡,GYRA,36.32508,127.23057,기록계,Nanometrics,CENTAUR,10771,I-2024-102,2024-10-25,2029-10-24,,
기상청,계룡,GYRA,36.32508,127.23057,가속도계,Nanometrics,Titan PH,3633,I-2024-91,2024-10-18,2029-10-17,,
기상청,정산,JSAA,36.38619,126.95642,기록계,Nanometrics,CENTAUR,10772,I-2024-103,2024-10-28,2029-10-27,,
기상청,정산,JSAA,36.38619,126.95642,가속도계,Nanometrics,Titan PH,3606,I-2024-91,2024-10-18,2029-10-17,,
기상청,정안,JEAA,36.55106,127.09374,기록계,Nanometrics,CENTAUR,10773,I-2024-103,2024-10-28,2029-10-27,,
기상청,정안,JEAA,36.55106,127.09374,가속도계,Nanometrics,Titan PH,3635,I-2024-94,2024-10-22,2029-10-21,,
기상청,임암,IMAX,35.10516,126.86746,기록계,Nanometrics,CENTAUR,10774,I-2024-103,2024-10-28,2029-10-27,,
기상청,임암,IMAX,35.10516,126.86746,가속도계,Nanometrics,Titan PH,3679,I-2024-138,2024-11-28,2029-11-27,,
기상청,대마,DAMA,35.28607,126.60413,기록계,Nanometrics,CENTAUR,10775,I-2024-105,2024-10-29,2029-10-28,,
기상청,대마,DAMA,35.28607,126.60413,가속도계,Nanometrics,Titan PH,3668,I-2024-129,2024-11-22,2029-11-21,,
기상청,장평,JAPA,34.7729,126.97573,기록계,Nanometrics,CENTAUR,10776,I-2024-105,2024-10-29,2029-10-28,,
기상청,장평,JAPA,34.7729,126.97573,가속도계,Nanometrics,Titan PH,3663,I-2024-125,2024-11-20,2029-11-19,,
기상청,구례,GURA,35.20802,127.49357,기록계,Nanometrics,CENTAUR,10777,I-2024-105,2024-10-29,2029-10-28,,
기상청,구례,GURA,35.20802,127.49357,가속도계,Nanometrics,Titan PH,3662,I-2024-125,2024-11-20,2029-11-19,,
기상청,반송,BSOA,35.75086,128.50472,기록계,Nanometrics,CENTAUR,10778,I-2024-106,2024-10-30,2029-10-29,,
기상청,반송,BSOA,35.75086,128.50472,가속도계,Nanometrics,Titan PH,3656,I-2024-122,2024-11-15,2029-11-14,,
기상청,사복,SABA,35.87739,128.74883,기록계,Nanometrics,CENTAUR,10779,I-2024-106,2024-10-30,2029-10-29,,
기상청,사복,SABA,35.87739,128.74883,가속도계,Nanometrics,Titan PH,3655,I-2024-122,2024-11-15,2029-11-14,,
기상청,달산,DSAA,36.35805,129.28169,기록계,Nanometrics,CENTAUR,10780,I-2024-106,2024-10-30,2029-10-29,,
기상청,달산,DSAA,36.35805,129.28169,가속도계,Nanometrics,Titan PH,3653,I-2024-117,2024-11-05,2029-11-04,,
기상청,길안,GIAA,36.3644,128.9312,기록계,Nanometrics,CENTAUR,10781,I-2024-107,2024-10-31,2029-10-30,,
기상청,길안,GIAA,36.3644,128.9312,가속도계,Nanometrics,Titan PH,3644,I-2024-97,2024-10-23,2029-10-22,,
기상청,영덕읍,YDEA,36.43552,129.35866,기록계,Nanometrics,CENTAUR,10782,I-2024-107,2024-10-31,2029-10-30,,
기상청,영덕읍,YDEA,36.43552,129.35866,가속도계,Nanometrics,Titan PH,3654,I-2024-119,2024-11-06,2029-11-05,,
기상청,공성,GOSA,36.27732,128.09343,기록계,Nanometrics,CENTAUR,10783,I-2024-107,2024-10-31,2029-10-30,,
기상청,공성,GOSA,36.27732,128.09343,가속도계,Nanometrics,Titan PH,3664,I-2024-125,2024-11-20,2029-11-19,,
기상청,대저,DJEA,35.21743,128.96091,기록계,Nanometrics,CENTAUR,10784,I-2024-108,2024-11-01,2029-10-31,,
기상청,대저,DJEA,35.21743,128.96091,가속도계,Nanometrics,Titan PH,3670,I-2024-129,2024-11-22,2029-11-21,,
기상청,단성,DSEA,35.31115,127.96707,기록계,Nanometrics,CENTAUR,10785,I-2024-108,2024-11-01,2029-10-31,,
기상청,단성,DSEA,35.31115,127.96707,가속도계,Nanometrics,Titan PH,3659,I-2024-123,2024-11-18,2029-11-17,,
기상청,대병,DABX,35.53446,127.99004,기록계,Nanometrics,CENTAUR,10786,I-2024-108,2024-11-01,2029-10-31,,
기상청,대병,DABX,35.53446,127.99004,가속도계,Nanometrics,Titan PH,3674,I-2024-135,2024-11-27,2029-11-26,,
기상청,죽계,JUGA,34.9905,128.33091,기록계,Nanometrics,CENTAUR,10808,I-2024-113,2024-11-04,2029-11-03,,
기상청,죽계,JUGA,34.9905,128.33091,가속도계,Nanometrics,Titan PH,3660,I-2024-123,2024-11-18,2029-11-17,,
기상청,산인,SAIA,35.26293,128.44695,기록계,Nanometrics,CENTAUR,11828,I-2024-113,2024-11-04,2029-11-03,,
기상청,산인,SAIA,35.26293,128.44695,가속도계,Nanometrics,Titan PH,3657,I-2024-122,2024-11-15,2029-11-14,,
기상청,엄정,EOJA,37.07365,127.90351,기록계,Nanometrics,CENTAUR,11829,I-2024-113,2024-11-04,2029-11-03,,
기상청,엄정,EOJA,37.07365,127.90351,가속도계,Nanometrics,Titan PH,3637,I-2024-94,2024-10-22,2029-10-21,,
기상청,진천,JICA,36.91011,127.50547,기록계,Nanometrics,CENTAUR,11830,I-2024-118,2024-11-05,2029-11-04,,
기상청,진천,JICA,36.91011,127.50547,가속도계,Nanometrics,Titan PH,3647,I-2024-97,2024-10-23,2029-10-22,,
기상청,오창,OCHX,36.72258,127.4401,기록계,Nanometrics,CENTAUR,11831,I-2024-118,2024-11-05,2029-11-04,,
기상청,오창,OCHX,36.72258,127.4401,가속도계,Nanometrics,Titan PH,3677,I-2024-138,2024-11-28,2029-11-27,,
기상청,신덕,SIDA,35.67362,127.14138,기록계,Nanometrics,CENTAUR,11832,I-2024-118,2024-11-05,2029-11-04,,
기상청,신덕,SIDA,35.67362,127.14138,가속도계,Nanometrics,Titan PH,3661,I-2024-123,2024-11-18,2029-11-17,,
기상청,광활,GWHA,35.83556,126.74139,기록계,Nanometrics,CENTAUR,11833,I-2024-120,2024-11-06,2029-11-05,,
기상청,광활,GWHA,35.83556,126.74139,가속도계,Nanometrics,Titan PH,3646,I-2024-112,2024-11-04,2029-11-03,,
기상청,한라산북동,HLNE,33.4253,126.61127,기록계,Nanometrics,CENTAUR,11834,I-2024-120,2024-11-06,2029-11-05,,
기상청,한라산북동,HLNE,33.4253,126.61127,속도계,Nanometrics,Trillium Horizon 120,3667,I-2024-117,2024-11-05,2029-11-04,,
기상청,한라산남동,HLEE,33.33145,126.67837,기록계,Nanometrics,CENTAUR,11835,I-2024-120,2024-11-06,2029-11-05,,
기상청,한라산남동,HLEE,33.33145,126.67837,속도계,Nanometrics,Trillium Horizon 120,3668,I-2024-117,2024-11-05,2029-11-04,,
기상청,한라산남서,HLSE,33.29555,126.42057,기록계,Nanometrics,CENTAUR,11836,I-2024-121,2024-11-06,2029-11-05,,
기상청,한라산남서,HLSE,33.29555,126.42057,속도계,Nanometrics,Trillium Horizon 120,3669,I-2024-119,2024-11-06,2029-11-05,,
기상청,한라산북서,HLWE,33.40812,126.47568,기록계,Nanometrics,CENTAUR,11837,I-2024-121,2024-11-06,2029-11-05,,
기상청,한라산북서,HLWE,33.40812,126.47568,속도계,Nanometrics,Trillium Horizon 120,3670,I-2024-119,2024-11-06,2029-11-05,,
기상청,가거도,GGDB,34.052191,125.126362,기록계,Nanometrics,CENTAUR,12395,I-2025-93,2025-09-05,2030-09-04,,
기상청,가거도,GGDB,34.052191,125.126362,속도계,Nanometrics,Trillium 120 Slim PH,3995,I-2025-94,2025-09-08,2030-09-07,I-2026-5,2026-01-16
기상청,가거도,GGDB,34.052191,125.126362,가속도계,Nanometrics,Titan PH,3876,I-2025-134,2025-10-29,2030-10-28,,
기상청,가평,GAPB,37.8442,127.4949,기록계,Nanometrics,CENTAUR,12423,I-2025-103,2025-09-18,2030-09-17,,
기상청,가평,GAPB,37.8442,127.4949,속도계,Nanometrics,Trillium 120 PH,4038,I-2025-77,2025-08-27,2030-08-26,,
기상청,가평,GAPB,37.8442,127.4949,가속도계,Nanometrics,Titan PH,4116,I-2025-158,2025-11-18,2030-11-17,,
기상청,간동,HWCA,38.065,127.7746,기록계,Nanometrics,CENTAUR,12375,I-2025-74,2025-08-26,2030-08-25,,
기상청,간동,HWCA,38.065,127.7746,가속도계,Nanometrics,Titan PH,4033,I-2025-149,2025-11-11,2030-11-10,,
기상청,강서구,GSGA,37.551575,126.8443,기록계,Kinemetrics,Q330S+,6775,O-2025-76,2025-08-25,2030-08-24,,
기상청,강서구,GSGA,37.551575,126.8443,가속도계,Kinemetrics,ES-DH,577,O-2025-76,2025-08-25,2030-08-24,,
기상청,강현,YAYA,38.1438,128.6025,기록계,Nanometrics,CENTAUR,12441,I-2025-117,2025-09-30,2030-09-29,,
기상청,강현,YAYA,38.1438,128.6025,가속도계,Nanometrics,Titan PH,4131,I-2025-164,2025-11-24,2030-11-23,,
기상청,강화,GH2B,37.7076,126.446435,기록계,Kinemetrics,Q330HRS,6594,O-2025-167,2025-10-28,2030-10-27,,
기상청,강화,GH2B,37.7076,126.446435,속도계,Streckeisen,STS-5A,130931,O-2025-167,2025-10-28,2030-10-27,,
기상청,강화,GH2B,37.7076,126.446435,가속도계,Kinemetrics,ES-DH,635,O-2025-167,2025-10-28,2030-10-27,,
기상청,격비,GBI2,36.6255,125.559515,속도계,Streckeisen,STS-2.5,151249,O-2025-166,2025-10-28,2030-10-27,,
기상청,격비,GBI2,36.6255,125.559515,가속도계,Kinemetrics,ES-T,8356,O-2025-166,2025-10-28,2030-10-27,,
기상청,군위,GUWB,36.18242,128.5932,속도계,Guralp,CMG-3TB,T39503,I-2025-11,2025-02-12,2030-02-11,,
기상청,군위,GUWB,36.18242,128.5932,가속도계,Kinemetrics,ES-DH,466,O-2025-290,2025-12-19,2030-12-18,,
기상청,금산,KMSB,36.1059,127.4815767,기록계,Kinemetrics,Q330HRS,6691,O-2025-9,2025-04-04,2030-04-03,,
기상청,금산,KMSB,36.1059,127.4815767,속도계,Streckeisen,STS-5A,130906,O-2025-9,2025-04-04,2030-04-03,,
기상청,금산,KMSB,36.1059,127.4815767,가속도계,Kinemetrics,ES-DH,615,O-2025-13,2025-04-10,2030-04-09,,
기상청,금정,BUS3,35.2486,129.1124,속도계,Streckeisen,STS-2.5,160923,O-2025-4,2025-03-11,2030-03-10,,
기상청,금정,BUS3,35.2486,129.1124,가속도계,Kinemetrics,ES-T,8789,O-2025-4,2025-03-11,2030-03-10,,
기상청,기린,IJAA,37.9471,128.3248,기록계,Nanometrics,CENTAUR,12380,I-2025-78,2025-08-28,2030-08-27,,
기상청,기린,IJAA,37.9471,128.3248,가속도계,Nanometrics,Titan PH,4118,I-2025-158,2025-11-18,2030-11-17,,
기상청,덕적도,DEI2,37.2557,126.1048,기록계,Kinemetrics,Q330HRS,6590,O-2025-173,2025-10-30,2030-10-29,,
기상청,덕적도,DEI2,37.2557,126.1048,속도계,Streckeisen,STS-2.5,151226,O-2025-173,2025-10-30,2030-10-29,,
기상청,덕적도,DEI2,37.2557,126.1048,가속도계,Kinemetrics,ES-T,8357,O-2025-173,2025-10-30,2030-10-29,,
기상청,봉평,BOPA,37.632,128.351,기록계,Nanometrics,CENTAUR,12381,I-2025-79,2025-08-29,2030-08-28,,
기상청,봉평,BOPA,37.632,128.351,가속도계,Nanometrics,Titan PH,4104,I-2025-153,2025-11-14,2030-11-13,,
기상청,무녀도,MND,35.8043,126.4242,기록계,Nanometrics,CENTAUR,12393,I-2025-89,2025-09-04,2030-09-03,,
기상청,무녀도,MND,35.8043,126.4242,속도계,Nanometrics,Trillium Horizon 120,4034,I-2025-91,2025-09-05,2030-09-04,,
기상청,무녀도,MND,35.8043,126.4242,가속도계,Nanometrics,Titan,3953,I-2025-72,2025-08-22,2030-08-21,,
기상청,무등산,KWJ2,35.1599,126.9911,기록계,Nanometrics,CENTAUR,12394,I-2025-89,2025-09-04,2030-09-03,,
기상청,무등산,KWJ2,35.1599,126.9911,속도계,Nanometrics,Trillium Horizon 120,4032,I-2025-91,2025-09-05,2030-09-04,,
기상청,무등산,KWJ2,35.1599,126.9911,가속도계,Nanometrics,Titan,3954,I-2025-72,2025-08-22,2030-08-21,,
기상청,부산,BSAA,35.0661,129.0741,기록계,Kinemetrics,Q330S+,6554,O-2025-29,2025-05-20,2030-05-19,,
기상청,부산,BSAA,35.0661,129.0741,가속도계,Kinemetrics,ES-DH,486,O-2025-29,2025-05-20,2030-05-19,,
기상청,부여,BUYB,36.2726,126.9206,속도계,Guralp,CMG-3TB,T38900,I-2025-56,2025-07-17,2030-07-16,,
기상청,사북,GWLA,37.2195,128.8212,가속도계,Kinemetrics,ES-DH,631,O-2025-88,2025-08-28,2030-08-27,,
기상청,삼가,HACA,35.4135383,128.1016417,기록계,Nanometrics,CENTAUR,12383,I-2025-79,2025-08-29,2030-08-28,,
기상청,삼가,HACA,35.4135383,128.1016417,가속도계,Nanometrics,Titan PH,4032,I-2025-149,2025-11-11,2030-11-10,,
기상청,상주,SAJB,36.4079217,128.157543,기록계,Kinemetrics,Q330HRS,6593,O-2025-46,2025-07-11,2030-07-10,,
기상청,상주,SAJB,36.4079217,128.157543,속도계,Streckeisen,STS-5A,130926,O-2025-46,2025-07-11,2030-07-10,,
기상청,상주,SAJB,36.4079217,128.157543,가속도계,Kinemetrics,ES-DH,613,O-2025-46,2025-07-11,2030-07-10,,
기상청,서울,SEO3,37.4939,126.9171,기록계,Kinemetrics,Q330HRS,6688,O-2025-287,2025-12-16,2030-12-15,,
기상청,서울,SEO3,37.4939,126.9171,속도계,Streckeisen,STS-2.5,160919,O-2025-164,2025-10-27,2030-10-26,,
기상청,서울,SEO3,37.4939,126.9171,가속도계,Kinemetrics,ES-T,8787,O-2025-164,2025-10-27,2030-10-26,,
기상청,서화,SH2B,38.2685,128.2524,기록계,Kinemetrics,Q330HRS,6591,I-2025-83,2025-09-02,2030-09-01,,
기상청,서화,SH2B,38.2685,128.2524,속도계,Streckeisen,STS-5A,130907,O-2025-106,2025-09-09,2030-09-08,,
기상청,서화,SH2B,38.2685,128.2524,가속도계,Kinemetrics,ES-DH,636,O-2025-106,2025-09-09,2030-09-08,,
기상청,소연평도,YPDB,37.608,125.71,기록계,Nanometrics,CENTAUR,12396,I-2025-93,2025-09-05,2030-09-04,,
기상청,소연평도,YPDB,37.608,125.71,속도계,Nanometrics,Trillium 120 Slim PH,3994,I-2025-94,2025-09-08,2030-09-07,,
기상청,송현,ADOA,36.5726,128.7009,기록계,Nanometrics,CENTAUR,12426,I-2025-104,2025-09-19,2030-09-18,,
기상청,송현,ADOA,36.5726,128.7009,가속도계,Nanometrics,Titan PH,4121,I-2025-159,2025-11-19,2030-11-18,,
기상청,안마도,AMDE,35.347034,126.03061,기록계,Nanometrics,CENTAUR,12377,I-2025-74,2025-08-26,2030-08-25,,
기상청,안마도,AMDE,35.347034,126.03061,속도계,Nanometrics,Trillium Horizon 120,4033,I-2025-91,2025-09-05,2030-09-04,,
기상청,안마도,AMDE,35.347034,126.03061,가속도계,Nanometrics,Titan,3956,I-2025-72,2025-08-22,2030-08-21,,
기상청,안면도,ANMA,36.5386,126.33,기록계,Kinemetrics,Q330S+,5749,I-2025-24,2025-04-03,2030-04-02,,
기상청,연천,YC2B,38.0398,126.9257,기록계,Kinemetrics,Q330HRS,6686,O-2025-131,2025-09-25,2030-09-24,,
기상청,연천,YC2B,38.0398,126.9257,속도계,Streckeisen,STS-5A,130913,I-2025-22,2025-04-02,2030-04-01,,
기상청,연천,YC2B,38.0398,126.9257,가속도계,Kinemetrics,ES-DH,637,O-2025-131,2025-09-25,2030-09-24,,
기상청,예천,YCHB,36.6222,128.4373,기록계,Kinemetrics,Q330HRS,6595,O-2025-1,2025-01-15,2030-01-14,I-2026-55,2026-04-07
기상청,예천,YCHB,36.6222,128.4373,속도계,Streckeisen,STS-5A,130911,O-2025-1,2025-01-15,2030-01-14,,
기상청,예천,YCHB,36.6222,128.4373,가속도계,Kinemetrics,ES-DH,633,O-2025-1,2025-01-15,2030-01-14,,
기상청,외연도,OYDB,36.2292,126.0758,속도계,Guralp,CMG-3TB,T38816,I-2025-3,2025-01-09,2030-01-08,,
기상청,울진,UJNA,36.9926117,129.4135,기록계,Kinemetrics,Q330S+,6764,O-2025-15,2025-04-15,2030-04-14,,
기상청,울진,UJNA,36.9926117,129.4135,가속도계,Kinemetrics,ES-DH,579,O-2025-15,2025-04-15,2030-04-14,,
기상청,의령,EURB,35.322492,128.288222,기록계,Nanometrics,CENTAUR,9552,I-2025-32,2025-05-13,2030-05-12,O-2026-49,2026-04-28
기상청,의성,EUSB,36.3561,128.6887,속도계,Guralp,CMG-3TB,T38817,I-2025-4,2025-01-15,2030-01-14,O-2026-126,2026-08-03
기상청,익산,IKSA,36.0592,127.0619,기록계,Nanometrics,CENTAUR,12384,I-2025-81,2025-09-01,2030-08-31,,
기상청,익산,IKSA,36.0592,127.0619,가속도계,Nanometrics,Titan PH,4011,I-2025-139,2025-10-31,2030-10-30,,
기상청,임실,IMSB,35.6124,127.2854,기록계,Kinemetrics,Q330HRS,6690,O-2025-7,2025-04-02,2030-04-01,I-2026-64,2026-04-16
기상청,임실,IMSB,35.6124,127.2854,속도계,Streckeisen,STS-5A,130927,O-2025-7,2025-04-02,2030-04-01,,
기상청,임실,IMSB,35.6124,127.2854,가속도계,Kinemetrics,ES-DH,614,O-2025-7,2025-04-02,2030-04-01,,
기상청,전주,CHOA,35.8408,127.117,기록계,Kinemetrics,Q330HRS,6113,O-2025-8,2025-04-03,2030-04-02,,
기상청,전주,CHOA,35.8408,127.117,가속도계,Kinemetrics,ES-DH,455,O-2025-8,2025-04-03,2030-04-02,,
기상청,제천,JECB,37.1595,128.1945,기록계,Nanometrics,CENTAUR,12435,I-2025-111,2025-09-25,2030-09-24,,
기상청,제천,JECB,37.1595,128.1945,속도계,Nanometrics,Trillium 120 PH,4040,I-2025-77,2025-08-27,2030-08-26,,
기상청,제천,JECB,37.1595,128.1945,가속도계,Nanometrics,Titan PH,4024,I-2025-141,2025-11-04,2030-11-03,,
기상청,주문진,JMJ2,37.88159167,128.7560667,기록계,Kinemetrics,Q330HRS,6685,O-2025-241,2025-11-25,2030-11-24,,
기상청,주문진,JMJ2,37.88159167,128.7560667,가속도계,Kinemetrics,ES-T,8355,O-2025-241,2025-11-25,2030-11-24,,
기상청,중랑구,JURA,37.6147,127.0868,기록계,Kinemetrics,Q330S+,6520,I-2025-24,2025-04-03,2030-04-02,,
기상청,증평,JNPA,36.7956,127.5621,기록계,Nanometrics,CENTAUR,12433,I-2025-111,2025-09-25,2030-09-24,,
기상청,증평,JNPA,36.7956,127.5621,가속도계,Nanometrics,Titan PH,4092,I-2025-151,2025-11-12,2030-11-11,,
기상청,진도,JDO2,34.47299,126.3238333,기록계,Kinemetrics,Q330HRS,6597,O-2025-149,2025-10-15,2030-10-14,,
기상청,진도,JDO2,34.47299,126.3238333,가속도계,Kinemetrics,ES-T,8358,O-2025-149,2025-10-15,2030-10-14,,
기상청,충주,CHJ3,36.873,127.9748,기록계,Kinemetrics,Q330HRS,6990,O-2025-31,2025-05-21,2030-05-20,,
기상청,충주,CHJ3,36.873,127.9748,속도계,Streckeisen,STS-2.5,160921,O-2025-31,2025-05-21,2030-05-20,,
기상청,충주,CHJ3,36.873,127.9748,가속도계,Kinemetrics,ES-T,8786,O-2025-31,2025-05-21,2030-05-20,,
기상청,평창,PYCB,37.3774,128.3946,기록계,Kinemetrics,Q330HRS,6599,O-2025-90,2025-09-02,2030-09-01,,
기상청,평창,PYCB,37.3774,128.3946,속도계,Streckeisen,STS-5A,130910,O-2025-90,2025-09-02,2030-09-01,,
기상청,평창,PYCB,37.3774,128.3946,가속도계,Kinemetrics,ES-DH,632,O-2025-90,2025-09-02,2030-09-01,,
기상청,홍천,HOCA,37.6838,127.8801,가속도계,Kinemetrics,ES-DH,470,I-2025-46,2025-07-07,2030-07-06,,
기상청,횡성,HESA,37.5406,127.9565,기록계,Kinemetrics,Q330S+,6771,O-2025-138,2025-09-30,2030-09-29,,
기상청,횡성,HESA,37.5406,127.9565,가속도계,Kinemetrics,ES-DH,573,O-2025-138,2025-09-30,2030-09-29,,
기상청,부석,BUSA,36.9791,128.6611,가속도계,Kinemetrics,ES-DH,509,I-2025-183,2025-12-15,2030-12-14,,
기상청,야로,YALB,35.7279,128.1934,기록계,Kinemetrics,Q330HRS,6386,I-2025-12,2025-02-14,2030-02-13,O-2026-145,2026-08-21
기상청,야로,YALB,35.7279,128.1934,속도계,Guralp,CMG-3TB,T39669,I-2025-4,2025-01-15,2030-01-14,O-2026-145,2026-08-21
기상청,상면,SGMA,37.8282,127.288,기록계,Kinemetrics,Q330S+,6553,I-2025-183,2025-12-15,2030-12-14,,
기상청,함평,HMPA,35.1413,126.6176,가속도계,Kinemetrics,ES-DH,524,I-2025-183,2025-12-15,2030-12-14,,
기상청,만재도,MJDB,34.2074,125.469,속도계,Streckeisen,STS-5A,130925,O-2025-146,2025-10-13,2030-10-12,,
기상청,화도,HWDB,37.6322,127.3404,기록계,Kinemetrics,Q330HRS,6598,O-2025-141,2025-10-01,2030-09-30,,
기상청,화도,HWDB,37.6322,127.3404,속도계,Streckeisen,STS-5A,130909,O-2025-141,2025-10-01,2030-09-30,,
기상청,화도,HWDB,37.6322,127.3404,가속도계,Kinemetrics,ES-DH,587,O-2025-141,2025-10-01,2030-09-30,,
기상청,예안,YEAB,36.6611,128.8872,기록계,Kinemetrics,Q330HRS,6589,O-2025-3,2025-01-17,2030-01-16,,
기상청,예안,YEAB,36.6611,128.8872,속도계,Streckeisen,STS-5A,130919,O-2025-3,2025-01-17,2030-01-16,,
기상청,예안,YEAB,36.6611,128.8872,가속도계,Kinemetrics,ES-DH,567,O-2025-3,2025-01-17,2030-01-16,,
기상청,표선,PYSB,33.3536,126.8167,가속도계,Kinemetrics,ES-DH,590,O-2025-40,2025-06-19,2030-06-18,,
기상청,여서도,YSDA,33.9866,126.9205,기록계,Kinemetrics,Q330S+,6774,O-2025-34,2025-05-28,2030-05-27,,
기상청,여서도,YSDA,33.9866,126.9205,가속도계,Kinemetrics,ES-DH,585,O-2025-34,2025-05-28,2030-05-27,,
기상청,하의도,HEDA,34.6064,126.0365,기록계,Kinemetrics,Q330S+,6778,O-2025-54,2025-07-24,2030-07-23,,
기상청,하의도,HEDA,34.6064,126.0365,가속도계,Kinemetrics,ES-DH,608,O-2025-54,2025-07-24,2030-07-23,,
기상청,홍성,HGSA,36.6579,126.6879,기록계,Kinemetrics,Q330S+,6790,O-2025-27,2025-05-14,2030-05-13,,
기상청,홍성,HGSA,36.6579,126.6879,가속도계,Kinemetrics,ES-DH,594,O-2025-27,2025-05-14,2030-05-13,,
기상청,곡성,GKSA,35.2304,127.2252,기록계,Kinemetrics,Q330S+,6779,O-2025-42,2025-07-08,2030-07-07,,
기상청,곡성,GKSA,35.2304,127.2252,가속도계,Kinemetrics,ES-DH,586,O-2025-42,2025-07-08,2030-07-07,,
기상청,하태도,HTDA,34.3908,125.2986,기록계,Kinemetrics,Q330S+,6783,O-2025-68,2025-08-19,2030-08-18,,
기상청,하태도,HTDA,34.3908,125.2986,가속도계,Kinemetrics,ES-DH,609,O-2025-68,2025-08-19,2030-08-18,,
기상청,당진,DGJA,36.8894,126.6174,기록계,Kinemetrics,Q330S+,6772,I-2025-24,2025-04-03,2030-04-02,,
기상청,당진,DGJA,36.8894,126.6174,가속도계,Kinemetrics,ES-DH,599,O-2025-35,2025-05-29,2030-05-28,,
기상청,결성,GLSA,36.5255,126.545,기록계,Kinemetrics,Q330S+,6794,O-2025-28,2025-05-15,2030-05-14,,
기상청,결성,GLSA,36.5255,126.545,가속도계,Kinemetrics,ES-DH,565,O-2025-28,2025-05-15,2030-05-14,,
기상청,영동,YEDA,36.1247,127.685,가속도계,Kinemetrics,ES-DH,610,O-2025-5,2025-03-11,2030-03-10,,
기상청,청안,CGAA,36.7069,127.7263,기록계,Kinemetrics,Q330S+,6784,O-2025-12,2025-04-10,2030-04-09,,
기상청,청안,CGAA,36.7069,127.7263,가속도계,Kinemetrics,ES-DH,589,O-2025-12,2025-04-10,2030-04-09,,
기상청,이원,LIWA,36.2482,127.6137,기록계,Kinemetrics,Q330S+,6785,O-2025-23,2025-05-07,2030-05-06,,
기상청,이원,LIWA,36.2482,127.6137,가속도계,Kinemetrics,ES-DH,591,O-2025-23,2025-05-07,2030-05-06,,
기상청,신녕,SNNA,36.0502,128.7111,기록계,Kinemetrics,Q330S+,6803,O-2025-32,2025-05-22,2030-05-21,,
기상청,신녕,SNNA,36.0502,128.7111,가속도계,Kinemetrics,ES-DH,616,O-2025-32,2025-05-22,2030-05-21,,
기상청,평은,PGEA,36.7559,128.692,기록계,Kinemetrics,Q330S+,6781,O-2025-2,2025-01-16,2030-01-15,,
기상청,평은,PGEA,36.7559,128.692,가속도계,Kinemetrics,ES-DH,588,O-2025-2,2025-01-16,2030-01-15,,
기상청,재산,JAEA,36.8,128.9903,기록계,Kinemetrics,Q330S+,6782,O-2025-18,2025-04-17,2030-04-16,,
기상청,재산,JAEA,36.8,128.9903,가속도계,Kinemetrics,ES-DH,571,O-2025-18,2025-04-17,2030-04-16,,
기상청,광탄,GGTA,37.7686,126.8991,기록계,Kinemetrics,Q330S+,6804,O-2025-130,2025-09-23,2030-09-22,,
기상청,광탄,GGTA,37.7686,126.8991,가속도계,Kinemetrics,ES-DH,617,O-2025-130,2025-09-23,2030-09-22,,
기상청,백운,BKWA,37.1681,127.9875,기록계,Kinemetrics,Q330S+,6786,O-2025-11,2025-04-09,2030-04-08,,
기상청,백운,BKWA,37.1681,127.9875,가속도계,Kinemetrics,ES-DH,592,O-2025-11,2025-04-09,2030-04-08,,
기상청,양동,YAGA,37.407,127.7569,기록계,Kinemetrics,Q330S+,6789,O-2025-117,2025-09-15,2030-09-14,,
기상청,양동,YAGA,37.407,127.7569,가속도계,Kinemetrics,ES-DH,593,O-2025-117,2025-09-15,2030-09-14,,
기상청,영북,YOGA,38.0942,127.2765,기록계,Kinemetrics,Q330S+,6807,O-2025-132,2025-09-26,2030-09-25,,
기상청,영북,YOGA,38.0942,127.2765,가속도계,Kinemetrics,ES-DH,618,O-2025-132,2025-09-26,2030-09-25,,
기상청,양구,YGGA,38.0979,127.9852,기록계,Kinemetrics,Q330S+,6808,O-2025-103,2025-09-08,2030-09-07,,
기상청,양구,YGGA,38.0979,127.9852,가속도계,Kinemetrics,ES-DH,619,O-2025-103,2025-09-08,2030-09-07,,
기상청,노성,NOSA,36.2836,127.1272,기록계,Kinemetrics,Q330S+,6791,O-2025-25,2025-05-08,2030-05-07,,
기상청,노성,NOSA,36.2836,127.1272,가속도계,Kinemetrics,ES-DH,596,O-2025-25,2025-05-08,2030-05-07,,
기상청,단양,DNYA,36.9877,128.3559,기록계,Kinemetrics,Q330S+,6792,O-2025-10,2025-04-08,2030-04-07,,
기상청,단양,DNYA,36.9877,128.3559,가속도계,Kinemetrics,ES-DH,597,O-2025-10,2025-04-08,2030-04-07,,
기상청,모곡,MOGA,37.6962,127.5825,기록계,Kinemetrics,Q330S+,6811,O-2025-115,2025-09-12,2030-09-11,,
기상청,모곡,MOGA,37.6962,127.5825,가속도계,Kinemetrics,ES-DH,621,O-2025-115,2025-09-12,2030-09-11,,
기상청,구좌,GUJA,33.5504,126.7503,기록계,Kinemetrics,Q330S+,6812,O-2025-41,2025-06-19,2030-06-18,,
기상청,구좌,GUJA,33.5504,126.7503,가속도계,Kinemetrics,ES-DH,622,O-2025-41,2025-06-19,2030-06-18,,
기상청,화서,HWSA,36.4412,127.9441,기록계,Kinemetrics,Q330S+,6796,O-2025-14,2025-04-11,2030-04-10,,
기상청,화서,HWSA,36.4412,127.9441,가속도계,Kinemetrics,ES-DH,601,O-2025-14,2025-04-11,2030-04-10,,
기상청,임계,LMGA,37.4918,128.8637,기록계,Kinemetrics,Q330S+,6799,O-2025-101,2025-09-05,2030-09-04,,
기상청,임계,LMGA,37.4918,128.8637,가속도계,Kinemetrics,ES-DH,602,O-2025-101,2025-09-05,2030-09-04,,
기상청,아산,ASNA,36.8277,127.0123,기록계,Kinemetrics,Q330S+,6801,O-2025-26,2025-05-13,2030-05-12,,
기상청,아산,ASNA,36.8277,127.0123,가속도계,Kinemetrics,ES-DH,603,O-2025-26,2025-05-13,2030-05-12,,
기상청,전의,JNUA,36.6908,127.2005,기록계,Kinemetrics,Q330S+,6802,O-2025-6,2025-03-14,2030-03-13,,
기상청,전의,JNUA,36.6908,127.2005,가속도계,Kinemetrics,ES-DH,604,O-2025-6,2025-03-14,2030-03-13,,
기상청,가곡,GAGA,37.1306,129.1696,기록계,Kinemetrics,Q330S+,6734,I-2025-98,2025-09-15,2030-09-14,,
기상청,가곡,GAGA,37.1306,129.1696,가속도계,Kinemetrics,ES-DH,595,O-2025-94,2025-09-03,2030-09-02,,
기상청,금강송,GGSA,36.9295,129.1518,기록계,Kinemetrics,Q330S+,6795,O-2025-17,2025-04-16,2030-04-15,,
기상청,금강송,GGSA,36.9295,129.1518,가속도계,Kinemetrics,ES-DH,572,O-2025-17,2025-04-16,2030-04-15,,
기상청,설성,SLSA,37.1349,127.5196,기록계,Kinemetrics,Q330S+,6813,O-2025-74,2025-08-21,2030-08-20,,
기상청,설성,SLSA,37.1349,127.5196,가속도계,Kinemetrics,ES-DH,623,O-2025-74,2025-08-21,2030-08-20,,
기상청,보개,BOGA,37.0131,127.3294,기록계,Kinemetrics,Q330S+,6821,O-2025-70,2025-08-20,2030-08-19,,
기상청,보개,BOGA,37.0131,127.3294,가속도계,Kinemetrics,ES-DH,584,O-2025-70,2025-08-20,2030-08-19,,
기상청,죽장,JKJA,36.2421,129.2151,기록계,Kinemetrics,Q330S+,6814,O-2025-22,2025-04-29,2030-04-28,,
기상청,죽장,JKJA,36.2421,129.2151,가속도계,Kinemetrics,ES-DH,624,O-2025-22,2025-04-29,2030-04-28,,
기상청,원북,WNBA,36.8238,126.2572,기록계,Kinemetrics,Q330S+,6769,O-2025-33,2025-05-28,2030-05-27,,
기상청,원북,WNBA,36.8238,126.2572,가속도계,Kinemetrics,ES-DH,625,O-2025-33,2025-05-28,2030-05-27,,
기상청,석보,SKBA,36.521,129.1791,기록계,Kinemetrics,Q330S+,6777,O-2025-19,2025-04-18,2030-04-17,,
기상청,석보,SKBA,36.521,129.1791,가속도계,Kinemetrics,ES-DH,600,O-2025-19,2025-04-18,2030-04-17,,
기상청,성남,SGNA,37.4461,127.1832,기록계,Kinemetrics,Q330S+,6818,O-2025-127,2025-09-18,2030-09-17,,
기상청,성남,SGNA,37.4461,127.1832,가속도계,Kinemetrics,ES-DH,627,O-2025-127,2025-09-18,2030-09-17,,
기상청,갈천,GLCA,37.9049,128.5207,기록계,Kinemetrics,Q330S+,6822,O-2025-111,2025-09-10,2030-09-09,,
기상청,갈천,GLCA,37.9049,128.5207,가속도계,Kinemetrics,ES-DH,628,O-2025-111,2025-09-10,2030-09-09,,
기상청,초도,CHDA,34.2367,127.2496,기록계,Kinemetrics,Q330S+,6816,O-2025-24,2025-05-08,2030-05-07,,
기상청,초도,CHDA,34.2367,127.2496,가속도계,Kinemetrics,ES-DH,583,O-2025-24,2025-05-08,2030-05-07,,
기상청,서석,SESA,37.7196,128.1735,기록계,Kinemetrics,Q330S+,6833,O-2025-114,2025-09-11,2030-09-10,,
기상청,서석,SESA,37.7196,128.1735,가속도계,Kinemetrics,ES-DH,629,O-2025-114,2025-09-11,2030-09-10,,
기상청,신동,SNDA,37.2617,128.5956,기록계,Kinemetrics,Q330S+,6805,O-2025-84,2025-08-27,2030-08-26,,
기상청,신동,SNDA,37.2617,128.5956,가속도계,Kinemetrics,ES-DH,580,O-2025-84,2025-08-27,2030-08-26,,
기상청,주천,JCUA,37.2753,128.2694,기록계,Kinemetrics,Q330S+,6809,O-2025-163,2025-10-24,2030-10-23,,
기상청,주천,JCUA,37.2753,128.2694,가속도계,Kinemetrics,ES-DH,576,O-2025-163,2025-10-24,2030-10-23,,
기상청,천부,CEBA,37.5405,130.9169,기록계,Kinemetrics,Q330S+,7060,O-2025-43,2025-07-09,2030-07-08,,
기상청,천부,CEBA,37.5405,130.9169,가속도계,Kinemetrics,ES-DH,683,O-2025-43,2025-07-09,2030-07-08,,
기상청,교동5,GDS5,37.77554,126.229158,기록계,Geotech,SMART-24R,2554,O-2025-294,2025-12-18,2030-12-17,,
기상청,파주6,PYS6,37.83958,126.812115,기록계,Geotech,SMART-24R,2563,O-2025-292,2025-12-23,2030-12-22,,
기상청,연천4,YCS4,38.116577,126.986532,기록계,Geotech,SMART-24R,2567,O-2025-293,2025-12-24,2030-12-23,,
기상청,인제4,IJS4,38.326084,128.203825,기록계,Geotech,SMART-24R,2605,-,2025-12-23,2030-12-22,I-2026-69,2026-04-27
기상청,신철원4,NCS4,38.233306,127.369401,기록계,Nanometrics,CENTAUR,9435,I-2025-44,2025-06-16,2030-06-15,,
기상청,영암,YEAA,34.816588,126.686275,기록계,Nanometrics,CENTAUR,11403,I-2025-70,2025-08-21,2030-08-20,,
기상청,영암,YEAA,34.816588,126.686275,가속도계,Nanometrics,Titan PH,4025,I-2025-142,2025-11-05,2030-11-04,,
기상청,여주,YEJA,37.205889,127.548958,기록계,Nanometrics,CENTAUR,12412,I-2025-97,2025-09-15,2030-09-14,,
기상청,여주,YEJA,37.205889,127.548958,가속도계,Nanometrics,Titan PH,4012,I-2025-139,2025-10-31,2030-10-30,,
기상청,파주,PAJA,37.958615,126.91927,기록계,Nanometrics,CENTAUR,12413,I-2025-97,2025-09-15,2030-09-14,,
기상청,파주,PAJA,37.958615,126.91927,가속도계,Nanometrics,Titan PH,4130,I-2025-162,2025-11-20,2030-11-19,,
기상청,신니,SINA,36.981768,127.754619,기록계,Nanometrics,CENTAUR,12414,I-2025-97,2025-09-15,2030-09-14,,
기상청,신니,SINA,36.981768,127.754619,가속도계,Nanometrics,Titan PH,4027,I-2025-142,2025-11-05,2030-11-04,,
기상청,적목,JEMA,37.980211,127.446451,기록계,Nanometrics,CENTAUR,12415,I-2025-99,2025-09-16,2030-09-15,,
기상청,적목,JEMA,37.980211,127.446451,가속도계,Nanometrics,Titan PH,4030,I-2025-145,2025-11-06,2030-11-05,,
기상청,금사,GESA,37.420238,127.529107,기록계,Nanometrics,CENTAUR,12416,I-2025-99,2025-09-16,2030-09-15,,
기상청,금사,GESA,37.420238,127.529107,가속도계,Nanometrics,Titan PH,4029,I-2025-145,2025-11-06,2030-11-05,,
기상청,강하,GAHA,37.48283,127.404282,기록계,Nanometrics,CENTAUR,12417,I-2025-99,2025-09-16,2030-09-15,,
기상청,강하,GAHA,37.48283,127.404282,가속도계,Nanometrics,Titan PH,4127,I-2025-162,2025-11-20,2030-11-19,,
기상청,포천이동,PCIA,38.02381,127.36813,기록계,Nanometrics,CENTAUR,12418,I-2025-100,2025-09-17,2030-09-16,,
기상청,포천이동,PCIA,38.02381,127.36813,가속도계,Nanometrics,Titan PH,4096,I-2025-152,2025-11-13,2030-11-12,,
기상청,지평,JIPA,37.430103,127.664218,기록계,Nanometrics,CENTAUR,12379,I-2025-78,2025-08-28,2030-08-27,,
기상청,지평,JIPA,37.430103,127.664218,가속도계,Nanometrics,Titan PH,4115,I-2025-158,2025-11-18,2030-11-17,,
기상청,철원,CHWA,38.14802,127.304115,기록계,Nanometrics,CENTAUR,12420,I-2025-100,2025-09-17,2030-09-16,,
기상청,철원,CHWA,38.14802,127.304115,가속도계,Nanometrics,Titan PH,4031,I-2025-145,2025-11-06,2030-11-05,,
기상청,외촌,OECA,38.27722,127.205655,기록계,Nanometrics,CENTAUR,12421,I-2025-103,2025-09-18,2030-09-17,,
기상청,외촌,OECA,38.27722,127.205655,가속도계,Nanometrics,Titan PH,4139,I-2025-165,2025-11-25,2030-11-24,,
기상청,화천하남,WCHA,38.08369,127.690572,기록계,Nanometrics,CENTAUR,12422,I-2025-103,2025-09-18,2030-09-17,,
기상청,화천하남,WCHA,38.08369,127.690572,가속도계,Nanometrics,Titan PH,4095,I-2025-152,2025-11-13,2030-11-12,,
기상청,현내,HYNA,38.483878,128.433742,기록계,Nanometrics,CENTAUR,12427,I-2025-105,2025-09-22,2030-09-21,,
기상청,현내,HYNA,38.483878,128.433742,가속도계,Nanometrics,Titan PH,4136,I-2025-164,2025-11-24,2030-11-23,,
기상청,간성,GSEA,38.375305,128.460044,기록계,Nanometrics,CENTAUR,12438,I-2025-114,2025-09-26,2030-09-25,,
기상청,간성,GSEA,38.375305,128.460044,가속도계,Nanometrics,Titan PH,4140,I-2025-165,2025-11-25,2030-11-24,,
기상청,미탄,MITA,37.349717,128.48717,기록계,Nanometrics,CENTAUR,12425,I-2025-104,2025-09-19,2030-09-18,,
기상청,미탄,MITA,37.349717,128.48717,가속도계,Nanometrics,Titan PH,4035,I-2025-151,2025-11-12,2030-11-11,,
기상청,시동,SDOA,37.599932,127.843113,기록계,Nanometrics,CENTAUR,12436,I-2025-114,2025-09-26,2030-09-25,,
기상청,시동,SDOA,37.599932,127.843113,가속도계,Nanometrics,Titan PH,4128,I-2025-162,2025-11-20,2030-11-19,,
기상청,논산,NSAA,36.212541,127.309583,기록계,Nanometrics,CENTAUR,12385,I-2025-81,2025-09-01,2030-08-31,,
기상청,논산,NSAA,36.212541,127.309583,가속도계,Nanometrics,Titan PH,4112,I-2025-157,2025-11-17,2030-11-16,,
기상청,내산,NASA,36.288211,126.743762,기록계,Nanometrics,CENTAUR,12429,I-2025-105,2025-09-22,2030-09-21,,
기상청,내산,NASA,36.288211,126.743762,가속도계,Nanometrics,Titan PH,4023,I-2025-141,2025-11-04,2030-11-03,,
기상청,추부,CHBA,36.191818,127.48027,기록계,Nanometrics,CENTAUR,12428,I-2025-105,2025-09-22,2030-09-21,,
기상청,추부,CHBA,36.191818,127.48027,가속도계,Nanometrics,Titan PH,4007,I-2025-134,2025-10-29,2030-10-28,,
기상청,연무,YEMA,36.136599,127.090003,기록계,Nanometrics,CENTAUR,12430,I-2025-108,2025-09-23,2030-09-22,,
기상청,연무,YEMA,36.136599,127.090003,가속도계,Nanometrics,Titan PH,4020,I-2025-140,2025-11-03,2030-11-02,,
기상청,동화,DOWA,35.274907,126.735695,기록계,Nanometrics,CENTAUR,12431,I-2025-108,2025-09-23,2030-09-22,,
기상청,동화,DOWA,35.274907,126.735695,가속도계,Nanometrics,Titan PH,4021,I-2025-140,2025-11-03,2030-11-02,,
기상청,화장,HWJA,34.778251,127.641717,기록계,Nanometrics,CENTAUR,12376,I-2025-74,2025-08-26,2030-08-25,,
기상청,화장,HWJA,34.778251,127.641717,가속도계,Nanometrics,Titan PH,3762,I-2025-134,2025-10-29,2030-10-28,,
기상청,미암,MIAA,34.700447,126.574064,기록계,Nanometrics,CENTAUR,12432,I-2025-108,2025-09-23,2030-09-22,,
기상청,미암,MIAA,34.700447,126.574064,가속도계,Nanometrics,Titan PH,4015,I-2025-140,2025-11-03,2030-11-02,,
기상청,가창,GCAA,35.796659,128.62323,기록계,Nanometrics,CENTAUR,12424,I-2025-104,2025-09-19,2030-09-18,,
기상청,가창,GCAA,35.796659,128.62323,가속도계,Nanometrics,Titan PH,4106,I-2025-157,2025-11-17,2030-11-16,,
기상청,달서,DASX,35.843736,128.522098,기록계,Nanometrics,CENTAUR,12434,I-2025-111,2025-09-25,2030-09-24,,
기상청,달서,DASX,35.843736,128.522098,가속도계,Nanometrics,Titan PH,4114,I-2025-157,2025-11-17,2030-11-16,,
기상청,창녕성산,CNSA,35.639565,128.461237,기록계,Nanometrics,CENTAUR,12443,I-2025-119,2025-10-02,2030-10-01,,
기상청,창녕성산,CNSA,35.639565,128.461237,가속도계,Nanometrics,Titan PH,4094,I-2025-152,2025-11-13,2030-11-12,,
기상청,동호,DOHA,35.969932,128.566144,기록계,Nanometrics,CENTAUR,12440,I-2025-117,2025-09-30,2030-09-29,,
기상청,동호,DOHA,35.969932,128.566144,가속도계,Nanometrics,Titan PH,4103,I-2025-153,2025-11-14,2030-11-13,,
기상청,고령,GORA,35.695956,128.282102,기록계,Nanometrics,CENTAUR,12419,I-2025-100,2025-09-17,2030-09-16,,
기상청,고령,GORA,35.695956,128.282102,가속도계,Nanometrics,Titan PH,4102,I-2025-153,2025-11-14,2030-11-13,,
기상청,충북음성,CBEA,36.923008,127.702237,기록계,Nanometrics,CENTAUR,12382,I-2025-79,2025-08-29,2030-08-28,,
기상청,충북음성,CBEA,36.923008,127.702237,가속도계,Nanometrics,Titan PH,4120,I-2025-187,2025-12-17,2030-12-16,,
기상청,가산,GASA,36.095531,128.500099,기록계,Nanometrics,CENTAUR,12439,I-2025-117,2025-09-30,2030-09-29,,
기상청,가산,GASA,36.095531,128.500099,가속도계,Nanometrics,Titan PH,4093,I-2025-151,2025-11-12,2030-11-11,,
기상청,양산,YASX,35.38062,129.01658,기록계,Nanometrics,CENTAUR,12386,I-2025-81,2025-09-01,2030-08-31,,
기상청,양산,YASX,35.38062,129.01658,가속도계,Nanometrics,Titan PH,4034,I-2025-149,2025-11-11,2030-11-10,,
기상청,김해,GIHA,35.330572,128.847063,기록계,Nanometrics,CENTAUR,12378,I-2025-78,2025-08-28,2030-08-27,,
기상청,김해,GIHA,35.330572,128.847063,가속도계,Nanometrics,Titan PH,4141,I-2025-165,2025-11-25,2030-11-24,,
기상청,밀양무안,MYMA,35.477736,128.654006,기록계,Nanometrics,CENTAUR,12442,I-2025-119,2025-10-02,2030-10-01,,
기상청,밀양무안,MYMA,35.477736,128.654006,가속도계,Nanometrics,Titan PH,4133,I-2025-164,2025-11-24,2030-11-23,,
기상청,창원성산,CWSX,35.212247,128.684026,기록계,Nanometrics,CENTAUR,12437,I-2025-114,2025-09-26,2030-09-25,,
기상청,창원성산,CWSX,35.212247,128.684026,가속도계,Nanometrics,Titan PH,4119,I-2025-159,2025-11-19,2030-11-18,,
기상청,진북,JIBA,35.126333,128.474789,기록계,Nanometrics,CENTAUR,12444,I-2025-119,2025-10-02,2030-10-01,,
기상청,진북,JIBA,35.126333,128.474789,가속도계,Nanometrics,Titan PH,4013,I-2025-139,2025-10-31,2030-10-30,,
기상청,사천용현,SCYA,35.037004,128.06778,기록계,Nanometrics,CENTAUR,12445,I-2025-120,2025-10-10,2030-10-09,,
기상청,사천용현,SCYA,35.037004,128.06778,가속도계,Nanometrics,Titan PH,4010,I-2025-135,2025-10-30,2030-10-29,,
기상청,상당,SADA,36.636965,127.655842,기록계,Nanometrics,CENTAUR,12446,I-2025-120,2025-10-10,2030-10-09,,
기상청,상당,SADA,36.636965,127.655842,가속도계,Nanometrics,Titan PH,4008,I-2025-135,2025-10-30,2030-10-29,,
기상청,괴산,GSAA,36.659415,127.873505,기록계,Nanometrics,CENTAUR,12447,I-2025-120,2025-10-10,2030-10-09,,
기상청,괴산,GSAA,36.659415,127.873505,가속도계,Nanometrics,Titan PH,4009,I-2025-135,2025-10-30,2030-10-29,,
기상청,공음,GOEA,35.379195,126.515957,기록계,Nanometrics,CENTAUR,12373,I-2025-70,2025-08-21,2030-08-20,,
기상청,공음,GOEA,35.379195,126.515957,가속도계,Nanometrics,Titan PH,4028,I-2025-142,2025-11-05,2030-11-04,,
기상청,진안주천,JAJA,35.974346,127.436042,기록계,Nanometrics,CENTAUR,12374,I-2025-70,2025-08-21,2030-08-20,,
기상청,진안주천,JAJA,35.974346,127.436042,가속도계,Nanometrics,Titan PH,4022,I-2025-141,2025-11-04,2030-11-03,,
한국가스공사,교하관리소,KDG,37.7366,126.7199,기록계,동일테크,DSS-1030,DISS-R3-KR/00075,I-2021-46,2021-07-12,2026-07-11,O-2026-45,2026-04-21
한국가스공사,방동관리소,CBG,36.286,127.312,기록계,Guralp,DAS-U-S3,A8015/51084,I-2021-54,2021-07-29,2026-07-28,O-2026-89,2026-06-22
한국가스공사,방화관리소,BHG,37.581893,126.822375,기록계,동일테크,DSS-1030,DISS-R3-KR/00080,I-2021-46,2021-07-12,2026-07-11,O-2026-44,2026-04-21
한국가스공사,보령관리소,BOG,36.3933,126.4881,기록계,동일테크,DSS-1030,DISS-R3-KR/00082,I-2021-49,2021-07-19,2026-07-18,O-2026-94,2026-06-30
한국가스공사,서산관리소,SMG,36.8173,126.492,기록계,동일테크,DSS-1030,DISS-R3-KR/00081,I-2021-49,2021-07-19,2026-07-18,O-2026-95,2026-06-30
한국가스공사,영월관리소,YOG,37.162,128.476,기록계,Guralp,CMG-DAS-U-S3,A4668,O-2021-47,2021-11-02,2026-11-01,I-2026-94,2026-06-12
한국가스공사,장림관리소,JAG,35.0788,128.9549,기록계,Guralp,CMG-DM24,A1903,O-2021-44,2021-10-19,2026-10-18,O-2026-81,2026-06-10
한국가스공사,제원관리소,JWG,36.1019,127.5225,기록계,동일테크,DSS-1030,DISS-R3-KR/00075,I-2021-46,2021-07-12,2026-07-11,O-2026-90,2026-06-23
한국가스공사,제원관리소,JWG,36.1019,127.5225,가속도계,동일테크,DSS-2030,DISS-S3-FB/00312,I-2021-84,2021-10-14,2026-10-13,O-2026-90,2026-06-23
한국가스공사,춘천관리소,ZCG,37.824,127.76,기록계,Guralp,CMG-DM24,C894,O-2021-48,2021-11-03,2026-11-02,O-2026-64,2026-05-26
한국가스공사,학장관리소,HCG,35.1442,128.9764,기록계,Guralp,CMG-DM24,A1905,O-2021-56,2021-12-01,2026-11-30,,
한국가스공사,홍천관리소,OCG,37.69,127.85,기록계,동일테크,DSS-1030,83,I-2021-92,2021-11-03,2026-11-02,O-2026-66,2026-05-28
한국가스공사,횡성관리소,HSG,37.4738,127.9497,기록계,동일테크,DSS-1030,DISS-R3-KR/00084,I-2021-92,2021-11-03,2026-11-02,O-2026-68,2026-05-28
한국농어촌공사,예당,YDG,36.6419,126.8125,가속도계,Guralp,CMG-5TB,TB5C08,O-2021-50,2021-11-12,2026-11-11,,
한국수자원공사,백제보,BJG,36.3169,126.9408,기록계,Geosig,GMS-PLUS,103054,O-2021-52,2021-11-17,2026-11-16,,
한국수자원공사,백제보,BJG,36.3169,126.9408,가속도계,Geosig,AC-63,52353,O-2021-52,2021-11-17,2026-11-16,,
한국원자력안전기술원,월성 원전부지,WSN,35.7096,129.4675,기록계,Kinemetrics,Q330HRS,5147,O-2021-57,2021-12-06,2026-12-05,,
한국원자력안전기술원,월성 원전부지,WSN,35.7096,129.4675,속도계,Kinemetrics,STS-2.5,110811,O-2021-57,2021-12-06,2026-12-05,,
한국원자력안전기술원,월성 원전부지,WSN,35.7096,129.4675,가속도계,Kinemetrics,ES-T,6852,O-2021-57,2021-12-06,2026-12-05,,
한국전력공사,양주변전소,YJG,37.6855,126.9203,기록계,Kinemetrics,Q330,5251,O-2021-23,2021-08-11,2026-08-10,O-2026-122,2026-07-31
한국전력공사,신옥천변전소,OCG,36.2956,127.5327,가속도계,Kinemetrics,ES-T,1129,O-2021-55,2021-11-25,2026-11-24,,
한국전력공사,신시흥변전소,SHG,37.36123,126.76204,기록계,Kinemetrics,Q330S+,6324,O-2021-54,2021-11-24,2026-11-23,O-2026-120,2026-07-30
한국전력공사,신시흥변전소,SHG,37.36123,126.76204,가속도계,Kinemetrics,ES-T,9648,O-2021-54,2021-11-24,2026-11-23,O-2026-120,2026-07-30
한국전력공사,신광주변전소,KJG,35.2094,126.9332,기록계,Kinemetrics,Q330,315,O-2021-36,2021-09-17,2026-09-16,,
한국전력공사,신광주변전소,KJG,35.2094,126.9332,가속도계,Kinemetrics,ES-T,1133,O-2021-36,2021-09-17,2026-09-16,,
한국전력공사,신태백변전소,TBG,37.257,128.9609,가속도계,Kinemetrics,ES-T,2496,O-2021-23,2021-08-11,2026-08-10,O-2026-119,2026-07-29
한국지질자원연구원,안좌도,AJD,34.74789,126.12384,기록계,Kinemetrics,Q330HRS,5649,O-2021-38,2021-09-30,2026-09-29,,
한국지질자원연구원,청도,CGD,35.60748,128.84267,기록계,Kinemetrics,Q330HRS,6450,O-2021-33,2021-09-10,2026-09-09,O-2026-143,2026-08-19
한국지질자원연구원,청도,CGD,35.60748,128.84267,속도계,Guralp,CMG-40T-1_A,T4N30,O-2021-33,2021-09-10,2026-09-09,O-2026-143,2026-08-19
한국지질자원연구원,청도,CGD,35.60748,128.84267,가속도계,Kinemetrics,ES-T,5345,O-2021-33,2021-09-10,2026-09-09,O-2026-143,2026-08-19
한국지질자원연구원,구례,GRE,35.26184,127.44238,기록계,Kinemetrics,Q330HRS,5927,O-2021-39,2021-10-01,2026-09-30,,
한국지질자원연구원,구례,GRE,35.26184,127.44238,속도계,Guralp,CMG-40T-1_A,T4P21,O-2021-39,2021-10-01,2026-09-30,,
한국지질자원연구원,구례,GRE,35.26184,127.44238,가속도계,Kinemetrics,ES-T,7116,O-2021-39,2021-10-01,2026-09-30,,
한국지질자원연구원,학계리,HAK,35.92955,129.50037,속도계,Guralp,CMG-40T-1_A,T4N31,O-2021-32,2021-09-09,2026-09-08,O-2026-148,2026-08-21
한국지질자원연구원,교원대,HKU,36.61314,127.35813,기록계,Kinemetrics,Q330HRS,5926,O-2021-49,2021-11-05,2026-11-04,,
한국지질자원연구원,교원대,HKU,36.61314,127.35813,속도계,Streckeisen,STS-2(GEN3),20036,O-2021-49,2021-11-05,2026-11-04,,
한국지질자원연구원,교원대,HKU,36.61314,127.35813,가속도계,Kinemetrics,ES-T,636,O-2021-49,2021-11-05,2026-11-04,,
한국지질자원연구원,매곡리,MAK,35.37017,129.17654,가속도계,Kinemetrics,ES-T,7761,I-2021-51,2021-07-28,2026-07-27,,
한국지질자원연구원,무안,MUN,34.91025,126.42636,기록계,Kinemetrics,Q330HRS,5311,O-2021-29,2021-08-26,2026-08-25,O-2026-130,2026-08-05
한국지질자원연구원,나포리,NPR,36.0425,126.86637,속도계,Streckeisen,STS-2(GEN3),20030,O-2021-35,2021-09-16,2026-09-15,,
한국지질자원연구원,상동,SND,37.15785,128.79616,기록계,Kinemetrics,Q330HRS,5309,O-2021-22,2021-08-10,2026-08-09,O-2026-118,2026-07-28
한국지질자원연구원,상동,SND,37.15785,128.79616,속도계,Streckeisen,STS-2.5,120929,O-2021-22,2021-08-10,2026-08-09,O-2026-118,2026-07-28
한국지질자원연구원,위도,WID,35.61956,126.30572,기록계,Kinemetrics,Q330HRS,5789,O-2021-40,2021-10-05,2026-10-04,,
한국지질자원연구원,위도,WID,35.61956,126.30572,가속도계,Kinemetrics,ES-T,6469,O-2021-40,2021-10-05,2026-10-04,,
한국가스공사,가좌관리소,GWG,37.4803,126.6881,기록계,Guralp,CMG-DM24,A1858,O-2022-50,2022-06-15,2027-06-14,,
한국가스공사,가좌관리소,GWG,37.4803,126.6881,가속도계,동일테크,DSS-2030,DISS-S3-FB/00107,O-2022-50,2022-06-15,2027-06-14,,
한국가스공사,강릉관리소,GNG,37.786,128.871,기록계,Guralp,CMG-DAS-S3,A4461,O-2022-170,2022-12-07,2027-12-06,,
한국가스공사,강릉관리소,GNG,37.786,128.871,가속도계,Guralp,CMG-5TC,T5CW3,O-2022-170,2022-12-07,2027-12-06,,
한국가스공사,경서관리소,KSG,37.5465,126.649,기록계,Guralp,CMG-DM24,C881,O-2022-51,2022-06-16,2027-06-15,,
한국가스공사,경서관리소,KSG,37.5465,126.649,가속도계,GDS,SQ-120R,S0071,O-2022-51,2022-06-16,2027-06-15,,
한국가스공사,계룡관리소,GRG,36.286056,127.247108,기록계,Guralp,CMG-DM24,A1868,O-2022-80,2022-09-21,2027-09-20,,
한국가스공사,계룡관리소,GRG,36.286056,127.247108,가속도계,Guralp,CMG-5T,T5P05,O-2022-80,2022-09-21,2027-09-20,,
한국가스공사,고성관리소,KCG,34.9661,128.3616,가속도계,GDS,SQ-120R,S0097,O-2022-92,2022-09-28,2027-09-27,,
한국가스공사,관음관리소,GEG,35.9322,128.5355,기록계,Guralp,CMG-DM24,A1901,O-2022-33,2022-05-16,2027-05-15,,
한국가스공사,관음관리소,GEG,35.9322,128.5355,가속도계,Guralp,CMG-5T,T5P25,O-2022-33,2022-05-16,2027-05-15,,
한국가스공사,광양관리소,GYG,34.9625,127.6482,가속도계,Guralp,CMG-5T,T5H32,O-2022-137,2022-10-28,2027-10-27,,
한국가스공사,구산관리소,KUG,37.4828,126.7539,기록계,Guralp,CMG-DM24,A1823,O-2022-49,2022-06-14,2027-06-13,,
한국가스공사,구산관리소,KUG,37.4828,126.7539,가속도계,동일테크,DSS-2030,DISS-S3-FB/00108,O-2022-49,2022-06-14,2027-06-13,,
한국가스공사,군북관리소,GBG,35.2904,128.3384,기록계,Guralp,CMG-DAS-S3,A4389,O-2022-95,2022-09-29,2027-09-28,,
한국가스공사,군북관리소,GBG,35.2904,128.3384,가속도계,동일테크,DSS-2030,DISS-S3-FB/00098,O-2022-95,2022-09-29,2027-09-28,,
한국가스공사,군산관리소,GUG,35.9832,126.7978,기록계,Guralp,CMG-DM24,C892,O-2022-2,2022-02-17,2027-02-16,,
한국가스공사,군자관리소,GJG,37.559,127.058,기록계,Guralp,CMG-DM24,C890,O-2022-91,2022-09-27,2027-09-26,,
한국가스공사,군자관리소,GJG,37.559,127.058,가속도계,Guralp,CMG-5T,T5H41,O-2022-91,2022-09-27,2027-09-26,,
한국가스공사,김제관리소,KJG,35.7987,126.8707,기록계,Guralp,CMG-DM24,A1833,O-2022-11,2022-03-17,2027-03-16,,
한국가스공사,김제관리소,KJG,35.7987,126.8707,가속도계,GDS,SQ-120R,S0082,O-2022-11,2022-03-17,2027-03-16,,
한국가스공사,김해관리소,GHG,35.2258,128.9147,기록계,동일테크,DSS-1030,DISS-R3-KR/00091,I-2022-8,2022-03-11,2027-03-10,,
한국가스공사,남동관리소,NDG,37.407,126.687,기록계,Guralp,CMG-DM24,A1817,O-2022-46,2022-06-08,2027-06-07,,
한국가스공사,남동관리소,NDG,37.407,126.687,가속도계,동일테크,DSS-2030,DISS-S3-FB/00103,O-2022-46,2022-06-08,2027-06-07,,
한국가스공사,남양주관리소,NJG,37.6035,127.1531,기록계,Guralp,CMG-DAS-S3,A8037,I-2022-124,2022-11-18,2027-11-17,,
한국가스공사,남양주관리소,NJG,37.6035,127.1531,가속도계,GDS,SQ-120R,S0060,O-2022-88,2022-09-26,2027-09-25,,
한국가스공사,남호관리소,NHG,36.332,129.377,기록계,Guralp,CMG-DAS-S3,A3846,O-2022-58,2022-07-13,2027-07-12,,
한국가스공사,남호관리소,NHG,36.332,129.377,가속도계,Guralp,CMG-5TC,T5BC2,O-2022-58,2022-07-13,2027-07-12,,
한국가스공사,논산관리소,JNG,36.207,127.113,기록계,Guralp,CMG-DM24,A1872,O-2022-9,2022-03-15,2027-03-14,,
한국가스공사,논산관리소,JNG,36.207,127.113,가속도계,동일테크,DSS-2030,DISS-S3-FB/00100,O-2022-9,2022-03-15,2027-03-14,,
한국가스공사,달성관리소,DSG,35.681,128.449,기록계,Guralp,CMG-DAS-S3,A4463,O-2022-38,2022-05-23,2027-05-22,,
한국가스공사,달성관리소,DSG,35.681,128.449,가속도계,동일테크,DSS-2030,DI17-S01-08S3014,O-2022-38,2022-05-23,2027-05-22,,
한국가스공사,대천관리소,DCG,36.378,126.576,가속도계,동일테크,DSS-2030,DISS-S3-FB/00101,O-2022-8,2022-03-14,2027-03-13,,
한국가스공사,대치관리소,DZG,37.499585,127.07808,기록계,Guralp,CMG-DM24,A1827,O-2022-93,2022-09-28,2027-09-27,,
한국가스공사,대치관리소,DZG,37.499585,127.07808,가속도계,동일테크,DSS-2030,DISS-S3-FB/00091,O-2022-93,2022-09-28,2027-09-27,,
한국가스공사,동김천관리소,DGG,36.133,128.142,기록계,Guralp,CMG-DM24,A1869,O-2022-35,2022-05-18,2027-05-17,,
한국가스공사,동김천관리소,DGG,36.133,128.142,가속도계,Guralp,CMG-5T,T5P23,O-2022-35,2022-05-18,2027-05-17,,
한국가스공사,동내관리소,DRG,35.887,128.742,기록계,Guralp,CMG-DAS-S3,A3901,O-2022-60,2022-07-15,2027-07-14,,
한국가스공사,동내관리소,DRG,35.887,128.742,가속도계,Guralp,CMG-5TC,T5CT2,O-2022-60,2022-07-15,2027-07-14,,
한국가스공사,동해관리소,DHG,37.467,129.15,기록계,Guralp,CMG-DAS-S3,A4462,O-2022-168,2022-12-06,2027-12-05,,
한국가스공사,동해관리소,DHG,37.467,129.15,가속도계,Guralp,CMG-5TC,T5CW4,O-2022-168,2022-12-06,2027-12-05,,
한국가스공사,매천관리소,MCG,36.165,127.771,가속도계,Guralp,CMG-5TC,T5W28,O-2022-84,2022-09-22,2027-09-21,,
한국가스공사,목포관리소,MOG,34.8421,126.4143,기록계,Guralp,CMG-DM24,C883,O-2022-131,2022-10-26,2027-10-25,,
한국가스공사,목포관리소,MOG,34.8421,126.4143,가속도계,Guralp,CMG-5T,T5H31,O-2022-131,2022-10-26,2027-10-25,,
한국가스공사,반월관리소,BWG,37.3016,126.8826,기록계,Guralp,CMG-DM24,A1822,O-2022-120,2022-10-19,2027-10-18,,
한국가스공사,반월관리소,BWG,37.3016,126.8826,가속도계,GDS,SQ-120R,S0063,O-2022-120,2022-10-19,2027-10-18,,
한국가스공사,발안관리소,BAG,37.1717,126.8911,기록계,Guralp,CMG-DM24,A1862,O-2022-119,2022-10-19,2027-10-18,,
한국가스공사,발안관리소,BAG,37.1717,126.8911,가속도계,GDS,SQ-120R,S0067,O-2022-119,2022-10-19,2027-10-18,,
한국가스공사,방동관리소,CBG,36.286,127.312,가속도계,Guralp,CMG-5T,T5954,O-2022-85,2022-09-23,2027-09-22,,
한국가스공사,방배관리소,BBG,37.4749,126.9873,기록계,Guralp,CMG-DM24,A1830,O-2022-162,2022-11-28,2027-11-27,,
한국가스공사,방배관리소,BBG,37.4749,126.9873,가속도계,GDS,SQ-120R,S0056,O-2022-162,2022-11-28,2027-11-27,,
한국가스공사,북삼관리소,BSG,36.0483,128.3426,기록계,Guralp,CMG-DM24,A1900,O-2022-34,2022-05-17,2027-05-16,,
한국가스공사,북삼관리소,BSG,36.0483,128.3426,가속도계,GDS,SQ-120R,S0087,O-2022-34,2022-05-17,2027-05-16,,
한국가스공사,분당관리소,BDG,37.36718,127.1482,기록계,Guralp,CMG-DM24,A1819,O-2022-130,2022-10-26,2027-10-25,,
한국가스공사,분당관리소,BDG,37.36718,127.1482,가속도계,GDS,SQ-120R,S0062,O-2022-130,2022-10-26,2027-10-25,,
한국가스공사,사천관리소,SAG,35.051,128.0759,기록계,Guralp,CMG-DM24,C884,O-2022-94,2022-09-28,2027-09-27,,
한국가스공사,사천관리소,SAG,35.051,128.0759,가속도계,GDS,SQ-120R,S0058,O-2022-94,2022-09-28,2027-09-27,,
한국가스공사,삼척생산기지,SBG,37.168,129.35,가속도계,Geosig,AC-73,59022,O-2022-160,2022-11-23,2027-11-22,,
한국가스공사,상계관리소,SGG,37.642,127.06,기록계,Guralp,CMG-DM24,A1820,O-2022-90,2022-09-27,2027-09-26,,
한국가스공사,상계관리소,SGG,37.642,127.06,가속도계,동일테크,DSS-2030,DISS-S3-FB/00094,O-2022-90,2022-09-27,2027-09-26,I-2026-81,2026-05-27
한국가스공사,상주관리소,SJG,36.431,128.21,가속도계,동일테크,DSS-2030,DISS-S3-FB/356,I-2022-125,2022-11-21,2027-11-20,,
한국가스공사,서안동관리소,ADG,36.592,128.539,기록계,동일테크,DSS-1030,DISS-R3-KR/00097,I-2022-91,2022-09-19,2027-09-18,,
한국가스공사,서안동관리소,ADG,36.592,128.539,가속도계,동일테크,DSS-2030,DISS-S3-FB/00355,I-2022-125,2022-11-21,2027-11-20,,
한국가스공사,서원창관리소,SCG,37.5087,126.607,기록계,Guralp,CMG-DM24,A2019,O-2022-47,2022-06-09,2027-06-08,,
한국가스공사,서원창관리소,SCG,37.5087,126.607,가속도계,Guralp,CMG-5T,T5P22,O-2022-47,2022-06-09,2027-06-08,,
한국가스공사,서천관리소,SEG,36.0967,126.6628,가속도계,오토시스,VL-3120S,VL3120S-190903-001,I-2022-14,2022-03-22,2027-03-21,,
한국가스공사,석수관리소,SSG,37.42,126.908,기록계,Guralp,CMG-DM24,A1815,O-2022-117,2022-10-18,2027-10-17,,
한국가스공사,석수관리소,SSG,37.42,126.908,가속도계,동일테크,DSS-2030,DISS-S3-FB/00109,O-2022-117,2022-10-18,2027-10-17,,
한국가스공사,성산관리소,GSG,35.629,128.47,기록계,Guralp,CMG-DAS-S3,A3710,O-2022-40,2022-05-25,2027-05-24,,
한국가스공사,성산관리소,GSG,35.629,128.47,가속도계,Guralp,CMG-5TC,T5AU3,O-2022-40,2022-05-25,2027-05-24,,
한국가스공사,세종관리소,CJG,36.4658,127.2435,기록계,Guralp,CMG-DAS-S3,A4020,O-2022-82,2022-09-21,2027-09-20,,
한국가스공사,세종관리소,CJG,36.4658,127.2435,가속도계,Guralp,CMG-5TC,T5CD0,O-2022-82,2022-09-21,2027-09-20,,
한국가스공사,송도관리소,SDG,37.3704,126.6378,기록계,Guralp,CMG-DM24,A1759,O-2022-45,2022-06-08,2027-06-07,,
한국가스공사,송도관리소,SDG,37.3704,126.6378,가속도계,동일테크,DSS-2030,DISS-S3-FB/00106,O-2022-45,2022-06-08,2027-06-07,,
한국가스공사,수원관리소,SWG,37.1709,127.0625,기록계,Guralp,CMG-DM24,A1856,O-2022-128,2022-10-25,2027-10-24,,
한국가스공사,수원관리소,SWG,37.1709,127.0625,가속도계,GDS,SQ-120R,S0064,O-2022-128,2022-10-25,2027-10-24,,
한국가스공사,순천관리소,SUG,34.9637,127.5473,기록계,Guralp,CMG-DM24,A1908,O-2022-134,2022-10-27,2027-10-26,,
한국가스공사,순천관리소,SUG,34.9637,127.5473,가속도계,Guralp,CMG-5T,T5P14,O-2022-134,2022-10-27,2027-10-26,,
한국가스공사,아산관리소,ASG,36.782485,127.105568,기록계,Guralp,CMG-DM24,A2029,O-2022-78,2022-09-20,2027-09-19,,
한국가스공사,아산관리소,ASG,36.782485,127.105568,가속도계,Guralp,CMG-5T,T5P91,O-2022-78,2022-09-20,2027-09-19,,
한국가스공사,안강관리소,AGG,35.997,129.188,기록계,Guralp,CMG-DM24,A1907,O-2022-41,2022-05-26,2027-05-25,,
한국가스공사,안강관리소,AGG,35.997,129.188,가속도계,동일테크,DSS-2030,DI17-S01-08S3013,O-2022-41,2022-05-26,2027-05-25,,
한국가스공사,안중관리소,ANG,37.0008,126.9427,기록계,Guralp,CMG-DM24,A1814,O-2022-123,2022-10-20,2027-10-19,,
한국가스공사,안중관리소,ANG,37.0008,126.9427,가속도계,GDS,SQ-120R,S0066,O-2022-123,2022-10-20,2027-10-19,,
한국가스공사,양산관리소,YSG,35.1818,129.0512,기록계,동일테크,DSS-1030,DISS-R3-KR/00092,I-2022-8,2022-03-11,2027-03-10,,
한국가스공사,여주관리소,YJG,37.29,127.592,기록계,Guralp,CMG-DM24,C896,O-2022-138,2022-10-28,2027-10-27,,
한국가스공사,여주관리소,YJG,37.29,127.592,가속도계,동일테크,DSS-2030,DISS-S3-FB/00096,O-2022-138,2022-10-28,2027-10-27,,
한국가스공사,영암관리소,YAG,34.7779,126.4467,기록계,Guralp,CMG-DAS-S3,A3899,O-2022-129,2022-10-26,2027-10-25,,
한국가스공사,영암관리소,YAG,34.7779,126.4467,가속도계,Guralp,CMG-5TC,T5BJ0,O-2022-129,2022-10-26,2027-10-25,,
한국가스공사,영종관리소,YEG,37.4955,126.4745,기록계,Guralp,CMG-DM24,A1821,O-2022-52,2022-06-16,2027-06-15,,
한국가스공사,영종관리소,YEG,37.4955,126.4745,가속도계,동일테크,DSS-2030,DISS-S3-FB/00104,O-2022-52,2022-06-16,2027-06-15,,
한국가스공사,영해관리소,YHG,36.5466,129.408,기록계,Guralp,CMG-DAS-S3,A4386,O-2022-57,2022-07-13,2027-07-12,,
한국가스공사,영해관리소,YHG,36.5466,129.408,가속도계,Guralp,CMG-5TC,T5CQ1,O-2022-57,2022-07-13,2027-07-12,,
한국가스공사,오계관리소,OGG,35.2964,126.987,기록계,Guralp,CMG-DAS-S3,A3900,O-2022-97,2022-10-04,2027-10-03,I-2026-98,2026-06-17
한국가스공사,오계관리소,OGG,35.2964,126.987,가속도계,Guralp,CMG-5TC,T5BH8,O-2022-97,2022-10-04,2027-10-03,I-2026-98,2026-06-17
한국가스공사,오산관리소,OMG,37.0701,127.0349,기록계,Guralp,CMG-DM24,A1857,O-2022-124,2022-10-21,2027-10-20,,
한국가스공사,오산관리소,OMG,37.0701,127.0349,가속도계,GDS,SQ-120R,S0065,O-2022-124,2022-10-21,2027-10-20,,
한국가스공사,오성관리소,FSG,37.01,126.897,기록계,Guralp,CMG-DAS-S3,A3596,O-2022-121,2022-10-20,2027-10-19,,
한국가스공사,오성관리소,FSG,37.01,126.897,가속도계,동일테크,DSS-2030,DISS-S3-FB/00095,O-2022-121,2022-10-20,2027-10-19,,
한국가스공사,옥정관리소,OJG,37.8389,127.0965,가속도계,Guralp,CMG-5TC,T5CT1,O-2022-103,2022-10-05,2027-10-04,,
한국가스공사,온산관리소,OSG,35.465,129.342,기록계,Guralp,CMG-DAS-S3,A3595,O-2022-22,2022-04-14,2027-04-13,,
한국가스공사,온산관리소,OSG,35.465,129.342,가속도계,Guralp,CMG-5TC,T5AM1,O-2022-22,2022-04-14,2027-04-13,,
한국가스공사,용인관리소,YIG,37.23,127.22,기록계,Guralp,CMG-DM24,C897,O-2022-126,2022-10-24,2027-10-23,,
한국가스공사,용인관리소,YIG,37.23,127.22,가속도계,Guralp,CMG-5T,T5H44,O-2022-126,2022-10-24,2027-10-23,,
한국가스공사,운연관리소,UYG,37.4446,126.761,기록계,Guralp,CMG-DM24,A1829,O-2022-44,2022-06-07,2027-06-06,,
한국가스공사,운연관리소,UYG,37.4446,126.761,가속도계,동일테크,DSS-2030,DISS-S3-FB/00105,O-2022-44,2022-06-07,2027-06-06,,
한국가스공사,울산관리소,USG,35.47,129.382,기록계,Guralp,CMG-DM24,D993,O-2022-19,2022-04-12,2027-04-11,,
한국가스공사,울산관리소,USG,35.47,129.382,가속도계,Guralp,CMG-5T,T5952,O-2022-19,2022-04-12,2027-04-11,,
한국가스공사,울진관리소,WJG,36.997,129.388,가속도계,Guralp,CMG-5TC,T5CT0,O-2022-56,2022-07-12,2027-07-11,,
한국가스공사,원주관리소,WOG,37.374,127.894,기록계,Guralp,CMG-DM24,C882,O-2022-62,2022-07-22,2027-07-21,,
한국가스공사,원주관리소,WOG,37.374,127.894,가속도계,Guralp,CMG-5T,T5H47,O-2022-62,2022-07-22,2027-07-21,,
한국가스공사,원창관리소,WHG,37.5088,126.6132,기록계,Guralp,CMG-DM24,A1760,O-2022-48,2022-06-09,2027-06-08,,
한국가스공사,원창관리소,WHG,37.5088,126.6132,가속도계,GDS,SQ-120R,S0072,O-2022-48,2022-06-09,2027-06-08,,
한국가스공사,율촌관리소,YCG,34.8986,127.5793,가속도계,Guralp,CMG-5T,T5P16,O-2022-135,2022-10-27,2027-10-26,,
한국가스공사,의정부관리소,EBG,37.7622,127.0441,기록계,Guralp,CMG-DM24,A1824,O-2022-105,2022-10-06,2027-10-05,,
한국가스공사,의정부관리소,EBG,37.7622,127.0441,가속도계,GDS,SQ-120R,S0061,O-2022-105,2022-10-06,2027-10-05,,
한국가스공사,익산관리소,ISG,35.9625,127.0163,기록계,Guralp,CMG-DM24,A1818,O-2022-3,2022-02-18,2027-02-17,,
한국가스공사,인천생산기지,ICG,37.3536111,126.6,기록계,Geosig,GMSPlus,101655,O-2022-161,2022-11-24,2027-11-23,,
한국가스공사,인천생산기지,ICG,37.3536111,126.6,가속도계,Geosig,AC-73,53575,O-2022-161,2022-11-24,2027-11-23,,
한국가스공사,일산관리소,IDG,37.6446,126.7976,기록계,Guralp,CMG-DM24,A1764,O-2022-98,2022-10-04,2027-10-03,,
한국가스공사,일산관리소,IDG,37.6446,126.7976,가속도계,GDS,SQ-120R,S0057,O-2022-98,2022-10-04,2027-10-03,,
한국가스공사,장등관리소,ZDG,35.2043,126.9301,기록계,Guralp,CMG-DM24,A1866,O-2022-102,2022-10-05,2027-10-04,,
한국가스공사,장등관리소,ZDG,35.2043,126.9301,가속도계,Guralp,CMG-5T,T5P18,O-2022-102,2022-10-05,2027-10-04,,
한국가스공사,장성관리소,JSG,35.338,126.7713,가속도계,Guralp,CMG-5TC,T5X00,O-2022-100,2022-10-05,2027-10-04,,
한국가스공사,전주관리소,JJG,35.85,127.079,기록계,Guralp,CMG-DM24,C724,O-2022-10,2022-03-16,2027-03-15,,
한국가스공사,전주관리소,JJG,35.85,127.079,가속도계,Guralp,CMG-5T,T5H22,O-2022-10,2022-03-16,2027-03-15,,
한국가스공사,정읍관리소,JEG,35.6003,126.8407,기록계,Guralp,CMG-DM24,A1052,O-2022-12,2022-03-17,2027-03-16,,
한국가스공사,정읍관리소,JEG,35.6003,126.8407,가속도계,GDS,SQ-120R,S0079,O-2022-12,2022-03-17,2027-03-16,,
한국가스공사,조치원관리소,ZWG,36.58835,127.300101,가속도계,Guralp,CMG-5T,T5P04,O-2022-77,2022-09-19,2027-09-18,,
한국가스공사,중동관리소,JDG,37.522,126.761,기록계,Guralp,CMG-DAS-S3,A8036,I-2022-124,2022-11-18,2027-11-17,,
한국가스공사,중동관리소,JDG,37.522,126.761,가속도계,동일테크,DSS-2030,DISS-S3-FB/00093,O-2022-109,2022-10-07,2027-10-06,,
한국가스공사,중촌관리소,JCG,36.346,127.406,기록계,Guralp,CMG-DM24,C122,O-2022-86,2022-09-23,2027-09-22,,
한국가스공사,중촌관리소,JCG,36.346,127.406,가속도계,Guralp,CMG-5T,T5951,O-2022-86,2022-09-23,2027-09-22,,
한국가스공사,천안관리소,CAG,36.7778,127.1775,기록계,Guralp,CMG-DM24,C900,O-2022-79,2022-09-20,2027-09-19,,
한국가스공사,천안관리소,CAG,36.7778,127.1775,가속도계,GDS,SQ-120R,S0077,O-2022-79,2022-09-20,2027-09-19,,
한국가스공사,천현관리소,CHG,37.5187,127.2186,기록계,Guralp,CMG-DM24,A1816,O-2022-136,2022-10-27,2027-10-26,,
한국가스공사,천현관리소,CHG,37.5187,127.2186,가속도계,GDS,SQ-120R,S0105,O-2022-136,2022-10-27,2027-10-26,,
한국가스공사,청도관리소,CDG,35.654,128.735,기록계,Guralp,CMG-DAS-S3,A3529,O-2022-39,2022-05-24,2027-05-23,,
한국가스공사,청도관리소,CDG,35.654,128.735,가속도계,Guralp,CMG-5TC,T5W98,O-2022-39,2022-05-24,2027-05-23,,
한국가스공사,청라관리소,CRG,37.513,126.621,기록계,Guralp,CMG-DAS-S3,A3532,O-2022-53,2022-06-17,2027-06-16,,
한국가스공사,청라관리소,CRG,37.513,126.621,가속도계,Guralp,CMG-5TC,T5AL9,O-2022-53,2022-06-17,2027-06-16,,
한국가스공사,청량관리소,CNG,35.495,129.228,기록계,Guralp,CMG-DM24,A859,O-2022-21,2022-04-13,2027-04-12,,
한국가스공사,청량관리소,CNG,35.495,129.228,가속도계,Guralp,CMG-5T,T5B30,O-2022-21,2022-04-13,2027-04-12,,
한국가스공사,칠서관리소,CSG,35.3613,128.4779,기록계,오토시스,VS-24150C,VS24150C-21D01,I-2022-109,2022-10-14,2027-10-13,,
한국가스공사,칠서관리소,CSG,35.3613,128.4779,가속도계,GDS,SQ-120R,S0096,O-2022-23,2022-04-15,2027-04-14,,
한국가스공사,통영생산기지,TYG,34.94777,128.425,기록계,Geosig,GMSPlus,101647,O-2022-151,2022-11-15,2027-11-14,,
한국가스공사,통영생산기지,TYG,34.94777,128.425,가속도계,Geosig,AC-73,53568,O-2022-151,2022-11-15,2027-11-14,,
한국가스공사,파주관리소,PJG,37.7462,126.8595,기록계,Guralp,CMG-DM24,A1694,O-2022-164,2022-11-30,2027-11-29,,
한국가스공사,파주관리소,PJG,37.7462,126.8595,가속도계,GDS,SQ-120R,S0085,O-2022-164,2022-11-30,2027-11-29,,
한국가스공사,판교관리소,PGG,37.3923,127.1053,기록계,Guralp,CMG-DM24,C502,O-2022-133,2022-10-26,2027-10-25,,
한국가스공사,판교관리소,PGG,37.3923,127.1053,가속도계,GDS,SQ-120R,S0069,O-2022-133,2022-10-26,2027-10-25,,
한국가스공사,평동관리소,PDG,35.1237,126.7761,기록계,Guralp,CMG-DM24,A1867,O-2022-106,2022-10-06,2027-10-05,,
한국가스공사,평동관리소,PDG,35.1237,126.7761,가속도계,GDS,SQ-120R,S0083,O-2022-106,2022-10-06,2027-10-05,,
한국가스공사,평촌관리소,PCG,37.393,126.969,기록계,Guralp,CMG-DM24,A1757,O-2022-116,2022-10-18,2027-10-17,,
한국가스공사,평촌관리소,PCG,37.393,126.969,가속도계,동일테크,DSS-2030,DISS-S3-FB/00111,O-2022-116,2022-10-18,2027-10-17,,
한국가스공사,평택생산기지,PYG,37.0008,126.7911,기록계,Geosig,GMSPlus,101642,O-2022-165,2022-12-01,2027-11-30,,
한국가스공사,평택생산기지,PYG,37.0008,126.7911,가속도계,Geosig,AC-73,53563,O-2022-165,2022-12-01,2027-11-30,,
한국가스공사,포천관리소,FCG,37.9912,127.1688,가속도계,Guralp,CMG-5TC,T5DE7,O-2022-101,2022-10-05,2027-10-04,,
한국가스공사,하남관리소,HAG,35.2,126.7984,기록계,Guralp,CMG-DM24,A1826,O-2022-104,2022-10-06,2027-10-05,,
한국가스공사,하남관리소,HAG,35.2,126.7984,가속도계,Guralp,CMG-5T,T5P19,O-2022-104,2022-10-06,2027-10-05,,
한국가스공사,함평관리소,HPG,35.0334965,126.550719,기록계,Guralp,CMG-DAS-S3,A4390,O-2022-108,2022-10-07,2027-10-06,,
한국가스공사,함평관리소,HPG,35.0334965,126.550719,가속도계,Guralp,CMG-5TC,T5CT5,O-2022-108,2022-10-07,2027-10-06,,
한국가스공사,합정관리소,HJG,37.543,126.914,가속도계,동일테크,DSS-2030,DISS-S3-FB/00090,O-2022-163,2022-11-29,2027-11-28,I-2026-62,2026-04-13
한국가스공사,호탄관리소,HTG,36.132,127.632,기록계,Guralp,CMG-DAS-S3,A3597,O-2022-83,2022-09-22,2027-09-21,,
한국가스공사,호탄관리소,HTG,36.132,127.632,가속도계,Guralp,CMG-5TC,T5AA9,O-2022-83,2022-09-22,2027-09-21,,
한국가스공사,흥해관리소,HHG,36.1,129.344,기록계,Guralp,CMG-DAS-S3,A3847,O-2022-59,2022-07-14,2027-07-13,,
한국가스공사,흥해관리소,HHG,36.1,129.344,가속도계,Guralp,CMG-5TC,T5BC1,O-2022-59,2022-07-14,2027-07-13,,
한국가스공사,부여관리소,BYG,36.27812,126.93244,기록계,오토시스,VS-24150C,VS24150C-21D03,I-2022-30,2022-04-19,2027-04-18,,
한국가스공사,청양관리소,CYG,36.48317,126.79088,기록계,오토시스,VS-24150C,VS24150C-21D02,I-2022-21,2022-03-29,2027-03-28,,
한국가스공사,청양관리소,CYG,36.48317,126.79088,가속도계,오토시스,VL-3120S,VL-3120S-21D1,I-2022-14,2022-03-22,2027-03-21,,
한국농어촌공사,토교,TGG,38.27223,127.28878,기록계,GeoSIG,GMS-24,100864,O-2022-20,2022-04-07,2027-04-06,,
한국농어촌공사,토교,TGG,38.27223,127.28878,가속도계,GeoSIG,AC-23-DH,52016,O-2022-20,2022-04-07,2027-04-06,,
한국농어촌공사,청천,CCG,36.3779,126.6262,기록계,Guralp,CMG-DAS-S3,A3527/4122,O-2022-63,2022-07-26,2027-07-25,,
한국농어촌공사,청천,CCG,36.3779,126.6262,가속도계,Guralp,CMG-5TB,TB5939,O-2022-63,2022-07-26,2027-07-25,,
한국농어촌공사,경천,WJG,36.0216,127.2418,가속도계,Guralp,CMG-5TB,TB5956,I-2022-133,2022-12-13,2027-12-12,,
한국농어촌공사,문경,MGG,36.6925,128.3144,기록계,Guralp,CMG-DM24,A4109/5081,O-2022-127,2022-10-25,2027-10-24,,
한국농어촌공사,문경,MGG,36.6925,128.3144,가속도계,Guralp,CMG-5TB,TB5940,O-2022-127,2022-10-25,2027-10-24,I-2026-33,2026-03-04
한국농어촌공사,하동,HDG,35.1627,127.7849,기록계,Guralp,CMG-DM24,A4031/4975,O-2022-28,2022-05-03,2027-05-02,,
한국농어촌공사,하동,HDG,35.1627,127.7849,가속도계,Guralp,CMG-5TB,TB5955,O-2022-28,2022-05-03,2027-05-02,,
한국농어촌공사,탑정,TJG,36.17756,127.14797,가속도계,Guralp,CMG-5TB,TB5965,O-2022-132,2022-10-26,2027-10-25,I-2026-108,2026-07-07
한국농어촌공사,나주,NJG,34.9591,126.8668,가속도계,Guralp,CMG-5TB,TB5962,O-2022-125,2022-10-24,2027-10-23,,
한국농어촌공사,장성,JRG,35.3548,126.8195,가속도계,Guralp,CMG-5TB,TB5957,O-2022-76,2022-09-20,2027-09-19,,
한국농어촌공사,궁평,GJG,36.7217,126.998,기록계,Guralp,CMG-DAS-S3,A7695/8121,I-2022-126,2022-11-24,2027-11-23,I-2026-108,2026-07-07
한국농어촌공사,동부,DBG,36.11513,126.77656,가속도계,Guralp,CMG-5TB,TB5E04,I-2022-135,2022-12-14,2027-12-13,,
한국수력원자력,무주양수(자유장),MJG,35.96883285,127.706998,기록계,Kinemetricsinc.,Q330S+,7550,I-2022-34,2022-04-25,2027-04-24,,
한국수력원자력,무주양수(자유장),MJG,35.96883285,127.706998,가속도계,Kinemetricsinc.,ES-T,9873,I-2022-31,2022-04-25,2027-04-24,,
한국수력원자력,산청양수(자유장),SCG,35.25664072,127.7762009,기록계,Kinemetricsinc.,Q330S+,7552,I-2022-31,2022-04-25,2027-04-24,,
한국수력원자력,산청양수(자유장),SCG,35.25664072,127.7762009,가속도계,Kinemetricsinc.,ES-T,9876,I-2022-32,2022-04-22,2027-04-21,,
한국수력원자력,삼랑진양수(자유장),SRG,35.41392834,128.87905,기록계,Kinemetricsinc.,Q330S+,7557,I-2022-50,2022-06-13,2027-06-12,,
한국수력원자력,삼랑진양수(자유장),SRG,35.41392834,128.87905,가속도계,Kinemetricsinc.,ES-T,9879,I-2022-33,2022-04-21,2027-04-20,,
한국수력원자력,청평양수(자유장),CBG,37.74712685,127.4765168,기록계,Kinemetricsinc.,Q330S+,7566,I-2022-51,2022-06-15,2027-06-14,,
한국수력원자력,청평양수(자유장),CBG,37.74712685,127.4765168,가속도계,Kinemetricsinc.,ES-T,10037,I-2022-54,2022-06-21,2027-06-20,,
한국수력원자력,청송양수(자유장),CSG,36.4150588,129.0211926,기록계,Kinemetricsinc.,Q330S+,7564,I-2022-50,2022-06-13,2027-06-12,,
한국수력원자력,청송양수(자유장),CSG,36.4150588,129.0211926,가속도계,Kinemetricsinc.,ES-T,10034,I-2022-53,2022-06-20,2027-06-19,,
한국수력원자력,양양양수(자유장),YYG,38.02017556,128.5528895,기록계,Kinemetricsinc.,Q330S+,7568,I-2022-52,2022-06-15,2027-06-14,,
한국수력원자력,양양양수(자유장),YYG,38.02017556,128.5528895,가속도계,Kinemetricsinc.,ES-T,10040,I-2022-55,2022-06-22,2027-06-21,,
한국수자원공사,횡성댐,HSG,37.5436,128.0304,가속도계,GeoSIG,AC-73,56331,O-2022-153,2022-11-16,2027-11-15,,
한국수자원공사,보령댐,BRG,36.24919,126.64641,기록계,GeoSIG,GMS-PLUS,101462,O-2022-64,2022-07-29,2027-07-28,,
한국수자원공사,보령댐,BRG,36.24919,126.64641,가속도계,GeoSIG,AC-73,56296,O-2022-64,2022-07-29,2027-07-28,,
한국수자원공사,부안댐,BAG,35.67688,126.56122,기록계,GeoSIG,GMS-PLUS,101661,O-2022-115,2022-10-18,2027-10-17,,
한국수자원공사,부안댐,BAG,35.67688,126.56122,가속도계,GeoSIG,AC-73,56305,O-2022-115,2022-10-18,2027-10-17,,
한국수자원공사,김천부항댐,BHG,35.98269,128.00203,기록계,GeoSIG,GMS-PLUS,101269,O-2022-107,2022-10-07,2027-10-06,,
한국수자원공사,보현산댐,BSG,36.1266,128.9485,가속도계,GeoSIG,AC-23,52628,O-2022-111,2022-10-13,2027-10-12,,
한국수자원공사,강천보,KCG,37.27822,127.68459,기록계,Geosig,GMS-PLUS,103149,O-2022-154,2022-11-17,2027-11-16,,
한국수자원공사,강천보,KCG,37.27822,127.68459,가속도계,Geosig,AC-63,52037,O-2022-26,2022-04-25,2027-04-24,,
한국수자원공사,여주보,YJG,37.3275,127.6108,기록계,Geosig,GMS-PLUS,101303,O-2022-155,2022-11-17,2027-11-16,,
한국수자원공사,여주보,YJG,37.3275,127.6108,가속도계,Geosig,AC-73-DH,52562,O-2022-155,2022-11-17,2027-11-16,,
한국수자원공사,이포보,EPG,37.40156,127.53972,기록계,Geosig,GMS-PLUS,101315,O-2022-144,2022-11-08,2027-11-07,,
한국수자원공사,이포보,EPG,37.40156,127.53972,가속도계,Geosig,AC-73-DH,52563,O-2022-144,2022-11-08,2027-11-07,,
한국수자원공사,죽산보,JSG,34.9731,126.6278,기록계,Kinemetrics,Basalt4X,1721,O-2022-54,2022-07-08,2027-07-07,,
한국수자원공사,구미보,GMG,36.2375,128.344,기록계,Geosig,GMS-PLUS,103515,O-2022-31,2022-05-11,2027-05-10,,
한국수자원공사,구미보,GMG,36.2375,128.344,가속도계,Geosig,AC-63,52039,O-2022-31,2022-05-11,2027-05-10,,
한국수자원공사,칠곡보,CGG,36.02169,128.3993,기록계,Guralp,CMG-DAS-U-S6,A6065,O-2022-27,2022-04-27,2027-04-26,,
한국원자력안전기술원,고리 원전부지,KRN,35.3243,129.2978,기록계,Kinemetrics,Q330HRS,5148,O-2022-112,2022-10-13,2027-10-12,,
한국원자력안전기술원,고리 원전부지,KRN,35.3243,129.2978,속도계,Kinemetrics,STS-2.5,110824,O-2022-112,2022-10-13,2027-10-12,,
한국원자력안전기술원,고리 원전부지,KRN,35.3243,129.2978,가속도계,Kinemetrics,ES-T,6851,O-2022-112,2022-10-13,2027-10-12,,
한국원자력안전기술원,울진(한울) 원전부지,UCN,37.0843,129.381,기록계,Kinemetrics,Q330HRS,5313,I-2022-20,2022-03-31,2027-03-30,,
한국원자력안전기술원,울진(한울) 원전부지,UCN,37.0843,129.381,속도계,Kinemetrics,STS-2.5,120932,I-2022-20,2022-03-31,2027-03-30,,
한국원자력안전기술원,울진(한울) 원전부지,UCN,37.0843,129.381,가속도계,Kinemetrics,ES-T,7933,I-2022-74,2022-08-11,2027-08-10,,
한국원자력안전기술원,영광(한빛) 원전부지,YGN,35.4038,126.4103,기록계,Kinemetrics,Q330HRS,5312,O-2022-114,2022-10-17,2027-10-16,,
한국원자력안전기술원,영광(한빛) 원전부지,YGN,35.4038,126.4103,속도계,Kinemetrics,STS-2.5,120931,O-2022-114,2022-10-17,2027-10-16,,
한국원자력안전기술원,영광(한빛) 원전부지,YGN,35.4038,126.4103,가속도계,Kinemetrics,ES-T,7934,O-2022-114,2022-10-17,2027-10-16,,
한국전력공사,양주변전소,YJG,37.6855,126.9203,가속도계,Kinemetrics,ES-T,1123,O-2022-146,2022-11-09,2027-11-08,,
한국전력공사,미금변전소,MKG,37.5952,127.183,가속도계,Kinemetrics,ES-T,1154,O-2022-145,2022-11-09,2027-11-08,,
한국전력공사,신성남변전소,SNG,37.3832,127.0542,기록계,Kinemetrics,Q330,197,O-2022-147,2022-11-10,2027-11-09,,
한국전력공사,신성남변전소,SNG,37.3832,127.0542,가속도계,Kinemetrics,ES-T,1148,O-2022-147,2022-11-10,2027-11-09,,
한국전력공사,신옥천변전소,OCG,36.2956,127.5327,기록계,Kinemetrics,Q330,317,I-2022-7,2022-03-10,2027-03-09,,
한국전력공사,광양변전소,KYG,34.9696,127.6216,가속도계,Kinemetrics,ES-T,1128,O-2022-73,2022-09-15,2027-09-14,,
한국전력공사,서대구변전소,WDG,35.9705,128.4069617,가속도계,Kinemetrics,ES-T,1119,O-2022-32,2022-05-13,2027-05-12,,
한국전력공사,신제천변전소,JCG,37.1775,128.2321,가속도계,Kinemetrics,ES-T,1145,O-2022-61,2022-07-20,2027-07-19,,
한국전력공사,신남원변전소,NWG,35.4506,127.4662,기록계,Kinemetrics,Q330,319,O-2022-25,2022-04-21,2027-04-20,,
한국전력공사,신남원변전소,NWG,35.4506,127.4662,가속도계,Kinemetrics,ES-T,1152,O-2022-25,2022-04-21,2027-04-20,,
한국전력공사,신안성변전소,ASG,37.1158,127.2958,기록계,Kinemetrics,Q330S+,7543,I-2022-128,2022-12-06,2027-12-05,,
한국전력공사,신가평변전소,GPG,37.616,127.5028,기록계,Kinemetrics,Q330S+,7540,I-2022-128,2022-12-06,2027-12-05,,
한국전력공사,신가평변전소,GPG,37.616,127.5028,가속도계,Kinemetrics,ES-T,2498,O-2022-143,2022-11-07,2027-11-06,,
한국전력공사,신서산변전소,SSG,36.7714,126.6396,기록계,Kinemetrics,Q330S+,7627,I-2022-129,2022-12-07,2027-12-06,,
한국전력공사,신서산변전소,SSG,36.7714,126.6396,가속도계,Kinemetrics,ES-T,10113,I-2022-128,2022-12-06,2027-12-05,,
한국전력공사,신태백변전소,TBG,37.257,128.9609,기록계,Kinemetrics,Q330S+,7625,I-2022-129,2022-12-07,2027-12-06,O-2026-119,2026-07-29
한국전력공사,신고성변전소,SPG,34.911,128.1093,기록계,Kinemetrics,Q330S+,6325,O-2022-143,2022-11-07,2027-11-06,,
한국지질자원연구원,방방골,BBK,35.57979,129.43559,기록계,Kinemetrics,Q330HRS,5143,O-2022-96,2022-09-30,2027-09-29,,
한국지질자원연구원,방방골,BBK,35.57979,129.43559,속도계,Guralp,CMG-40T-1_A,T4P20,O-2022-96,2022-09-30,2027-09-29,,
한국지질자원연구원,방방골,BBK,35.57979,129.43559,가속도계,Kinemetrics,ES-T,9407,O-2022-96,2022-09-30,2027-09-29,,
한국지질자원연구원,보길도,BGD,34.16003,126.55552,기록계,Kinemetrics,Q330HRS,6006,O-2022-152,2022-11-16,2027-11-15,,
한국지질자원연구원,보길도,BGD,34.16003,126.55552,속도계,Streckeisen,STS-2(GEN3),20038,O-2022-152,2022-11-16,2027-11-15,,
한국지질자원연구원,보길도,BGD,34.16003,126.55552,가속도계,Kinemetrics,ES-T,8419,O-2022-152,2022-11-16,2027-11-15,,
한국지질자원연구원,철원,CHNB,38.27096,127.1211,기록계,Kinemetrics,Q330S,3572,O-2022-43,2022-05-30,2027-05-29,,
한국지질자원연구원,철원,CHNB,38.27096,127.1211,속도계,Streckeisen,STS-2.5,111003,O-2022-17,2022-03-29,2027-03-28,,
한국지질자원연구원,독도,DOKDO,37.2393,131.8696,기록계,Kinemetrics,Q330HRS,6109,I-2022-104,2022-10-12,2027-10-11,,
한국지질자원연구원,경상대,GSU,35.15513,128.09714,기록계,Kinemetrics,Q330HRS,5648,O-2022-89,2022-09-27,2027-09-26,,
한국지질자원연구원,경상대,GSU,35.15513,128.09714,가속도계,Kinemetrics,ES-DH,123,O-2022-89,2022-09-27,2027-09-26,,
한국지질자원연구원,화순,HWSB,34.97682,126.89941,기록계,Kinemetrics,Q330HRS,6010,O-2022-81,2022-09-21,2027-09-20,,
한국지질자원연구원,화순,HWSB,34.97682,126.89941,속도계,Guralp,CMG-3TB_B,T37491,O-2022-81,2022-09-21,2027-09-20,,
한국지질자원연구원,지리산,JRB,35.21289,127.64037,기록계,Kinemetrics,Q330HRS,6115,O-2022-75,2022-09-16,2027-09-15,,
한국지질자원연구원,지리산,JRB,35.21289,127.64037,속도계,Guralp,CMG-3TB_C,T39900,O-2022-75,2022-09-16,2027-09-15,,
한국지질자원연구원,지리산,JRB,35.21289,127.64037,가속도계,Kinemetrics,ES-DH,120,O-2022-75,2022-09-16,2027-09-15,,
한국지질자원연구원,거제,KJM,34.83362,128.59296,기록계,Kinemetrics,Q330HRS,5925,O-2022-7,2022-03-08,2027-03-07,,
한국지질자원연구원,거제,KJM,34.83362,128.59296,속도계,Guralp,CMG-40T-1_A,T4X94,O-2022-7,2022-03-08,2027-03-07,,
한국지질자원연구원,거제,KJM,34.83362,128.59296,가속도계,Kinemetrics,ES-T,6467,O-2022-7,2022-03-08,2027-03-07,,
한국지질자원연구원,김천,KMC,35.98692,127.94262,기록계,Kinemetrics,Q330HRS,5531,O-2022-18,2022-03-30,2027-03-29,,
한국지질자원연구원,김천,KMC,35.98692,127.94262,속도계,Streckeisen,STS-5A,130961,I-2022-105,2022-10-13,2027-10-12,,
한국지질자원연구원,도계,KNUD,37.2257,129.0976,기록계,Kinemetrics,Q330HRS,6982,O-2022-159,2022-11-22,2027-11-21,,
한국지질자원연구원,도계,KNUD,37.2257,129.0976,속도계,Streckeisen,STS-2.5,110814,O-2022-159,2022-11-22,2027-11-21,,
한국지질자원연구원,도계,KNUD,37.2257,129.0976,가속도계,Kinemetrics,ES-T,5344,O-2022-159,2022-11-22,2027-11-21,,
한국지질자원연구원,매곡리,MAK,35.37017,129.17654,기록계,Kinemetrics,Q330HRS,5651,O-2022-6,2022-03-04,2027-03-03,,
한국지질자원연구원,매곡리,MAK,35.37017,129.17654,속도계,Guralp,CMG-40T-1_A,T4V46,O-2022-6,2022-03-04,2027-03-03,,
한국지질자원연구원,명계리,MKL,35.73221,129.24197,기록계,Kinemetrics,Q330HRS,6586,O-2022-42,2022-05-27,2027-05-26,,
한국지질자원연구원,명계리,MKL,35.73221,129.24197,속도계,Streckeisen,STS-2.5,120927,O-2022-42,2022-05-27,2027-05-26,,
한국지질자원연구원,명계리,MKL,35.73221,129.24197,가속도계,Kinemetrics,ES-T,1535,O-2022-42,2022-05-27,2027-05-26,,
한국지질자원연구원,무안,MUN,34.91025,126.42636,속도계,Streckeisen,STS-5A,130960,I-2022-105,2022-10-13,2027-10-12,,
한국지질자원연구원,무안,MUN,34.91025,126.42636,가속도계,Kinemetrics,ES-T,9406,I-2022-108,2022-10-17,2027-10-16,,
한국지질자원연구원,나포리,NPR,36.0425,126.86637,가속도계,Kinemetrics,ES-T,8102,I-2022-107,2022-10-14,2027-10-13,,
한국지질자원연구원,포천,PCH,37.96446,127.13195,기록계,Kinemetrics,Q330HRS,5146,O-2022-140,2022-11-02,2027-11-01,,
한국지질자원연구원,포천,PCH,37.96446,127.13195,속도계,Guralp,CMG-40T-1_A,T4Y16,O-2022-18,2022-03-30,2027-03-29,,
한국지질자원연구원,포천,PCH,37.96446,127.13195,가속도계,Kinemetrics,ES-T,6468,O-2022-140,2022-11-02,2027-11-01,,
한국지질자원연구원,서울대,SNU,37.45363,126.95455,기록계,Kinemetrics,Q330HRS,4761,O-2022-141,2022-11-03,2027-11-02,,
한국지질자원연구원,서울대,SNU,37.45363,126.95455,속도계,Streckeisen,STS-2(GEN2),119536,O-2022-141,2022-11-03,2027-11-02,,
한국지질자원연구원,서울대,SNU,37.45363,126.95455,가속도계,Kinemetrics,ES-T,8101,O-2022-141,2022-11-03,2027-11-02,,
한국지질자원연구원,대전,TJN,36.38052,127.36174,기록계,Kinemetrics,Q330HRS,5530,O-2022-156,2022-11-18,2027-11-17,,
한국지질자원연구원,대전,TJN,36.38052,127.36174,속도계,Streckeisen,STS-2.5,150346,O-2022-156,2022-11-18,2027-11-17,,
한국지질자원연구원,대전,TJN,36.38052,127.36174,가속도계,Kinemetrics,ES-T,3554,O-2022-156,2022-11-18,2027-11-17,,
한국지질자원연구원,용인,YIN,37.15738,127.39787,기록계,Kinemetrics,Q330HRS,5310,O-2022-142,2022-11-04,2027-11-03,,
한국지질자원연구원,용인,YIN,37.15738,127.39787,속도계,Guralp,CMG-40T-1_A,T4X00,O-2022-142,2022-11-04,2027-11-03,,
한국지질자원연구원,용인,YIN,37.15738,127.39787,가속도계,Kinemetrics,ES-T,8836,O-2022-142,2022-11-04,2027-11-03,,
한국지질자원연구원,양구,YKB,38.22536,127.9903,기록계,Kinemetrics,Q330HRS,6585,O-2022-157,2022-11-21,2027-11-20,,
한국지질자원연구원,양구,YKB,38.22536,127.9903,속도계,Guralp,CMG-3TB_A,T3V20,O-2022-157,2022-11-21,2027-11-20,,
한국지질자원연구원,양구,YKB,38.22536,127.9903,가속도계,Kinemetrics,ES-DH,265,O-2022-157,2022-11-21,2027-11-20,,
한국지질자원연구원,양산,YSB,35.46811,129.07992,기록계,Kinemetrics,Q330HRS,6112,O-2022-113,2022-10-14,2027-10-13,,
한국지질자원연구원,양산,YSB,35.46811,129.07992,속도계,Guralp,CMG-3TB_C,T310045,I-2022-127,2022-11-25,2027-11-24,,
한국지질자원연구원,양산,YSB,35.46811,129.07992,가속도계,Kinemetrics,ES-DH,306,O-2022-113,2022-10-14,2027-10-13,,
한국지질자원연구원,김포,KIP,37.75836,126.63981,기록계,Kinemetrics,Q330HRS,6318,I-2022-104,2022-10-12,2027-10-11,,
한국지질자원연구원,김포,KIP,37.75836,126.63981,속도계,Streckeisen,STS-2.5,160934,I-2022-105,2022-10-13,2027-10-12,,
한국지질자원연구원,입암산,IBA,35.46173,126.8393,가속도계,Kinemetrics,ES-DH,483,I-2022-10,2022-03-14,2027-03-13,,
한국가스공사,거제관리소,GZG,34.897006,128.580988,기록계,Guralp,CMG-DAS-S3,A6115,O-2023-100,2023-09-22,2028-09-21,,
한국가스공사,거제관리소,GZG,34.897006,128.580988,가속도계,Guralp,CMG-5TC,T5DZ0,O-2023-100,2023-09-22,2028-09-21,,
한국가스공사,고성관리소,KCG,34.9661,128.3616,기록계,Guralp,CMG-DM24,C895,O-2023-99,2023-09-22,2028-09-21,,
한국가스공사,고척관리소,GCG,37.4948,126.8655,기록계,동일테크,DSS-1030,DISS-R3-KR/00103,I-2023-27,2023-04-06,2028-04-05,,
한국가스공사,나주관리소,NAG,35.0254,126.6904,가속도계,동일테크,DSS-2030,DISS-S3-FB/00281,O-2023-95,2023-09-20,2028-09-19,,
한국가스공사,매천관리소,MCG,36.165,127.771,기록계,Guralp,CMG-DM24,C093,I-2023-42,2023-06-07,2028-06-06,,
한국가스공사,목감관리소,MGG,37.38,126.866,기록계,Guralp,CMG-DM24,A1758,I-2023-33,2023-04-25,2028-04-24,,
한국가스공사,벌교관리소,BGG,34.8662,127.3398,가속도계,동일테크,DSS-2030,201604S3001,O-2023-94,2023-09-19,2028-09-18,,
한국가스공사,삼척생산기지,SBG,37.168,129.35,기록계,Geosig,GMSPlus,101599,O-2023-148,2023-11-15,2028-11-14,,
한국가스공사,옥과관리소,OKG,35.2657,127.1463,기록계,오토시스,VS-24150C,VS24150C-20A002,O-2023-106,2023-10-11,2028-10-10,,
한국가스공사,옥과관리소,OKG,35.2657,127.1463,가속도계,오토시스,VL-3120S,VL-3120S-18-005,O-2023-106,2023-10-11,2028-10-10,,
한국가스공사,조치원관리소,ZWG,36.58835,127.300101,기록계,Guralp,CMG-DM24,A1865,I-2023-40,2023-05-31,2028-05-30,,
한국가스공사,진해관리소,JHG,35.0888,128.7858,기록계,동일테크,DSS-1030,DISS-R3-KR/00106,I-2023-88,2023-10-12,2028-10-11,,
한국가스공사,진해관리소,JHG,35.0888,128.7858,가속도계,Guralp,CMG-5T,T5N12,O-2023-97,2023-09-21,2028-09-20,,
한국가스공사,창원관리소,CWG,35.143,128.3806,가속도계,GDS,SQ-120R,S0091,O-2023-96,2023-09-21,2028-09-20,,
한국가스공사,태백관리소,TBG,37.15788,128.9659,기록계,Guralp,CMG-DAS-S3,A8115,I-2023-121,2023-12-05,2028-12-04,,
한국가스공사,합정관리소,HJG,37.543,126.914,기록계,동일테크,DSS-1030,DISS-R3-KR/00102,I-2023-27,2023-04-06,2028-04-05,,
한국가스공사,매암관리소,MMG,35.511316,129.382371,기록계,동일테크,DSS-1030,DISS-R3-KR/00109,I-2023-123,2023-12-04,2028-12-03,,
한국가스공사,용암관리소,YM,35.2904,129.1904,기록계,동일테크,DSS-1030,DISS-R3-KR/00107,I-2023-88,2023-10-12,2028-10-11,,
한국가스공사,용암관리소,YM,35.2904,129.1904,가속도계,동일테크,DSS-2030,DISS-S3-FB/00439,I-2023-125,2023-12-12,2028-12-11,,
한국농어촌공사,예당,YDG,36.6419,126.8125,기록계,Guralp,CMG-DAS-S3,A7763/8190,I-2023-112,2023-11-24,2028-11-23,I-2026-107,2026-07-03
한국농어촌공사,백곡,BJG,36.8698,127.4121,기록계,Guralp,CMG-DM24,A4619/5563,O-2023-125,2023-10-24,2028-10-23,,
한국농어촌공사,백곡,BJG,36.8698,127.4121,가속도계,Guralp,CMG-5TB,TB5964,O-2023-125,2023-10-24,2028-10-23,,
한국농어촌공사,대아,DAG,35.98369,127.26277,기록계,Guralp,CMG-DM24,A6792/6963,O-2023-161,2023-12-05,2028-12-04,,
한국농어촌공사,대아,DAG,35.98369,127.26277,가속도계,Guralp,CMG-5TB,TB5987,O-2023-161,2023-12-05,2028-12-04,,
한국농어촌공사,궁,GZG,36.5288,127.6535,가속도계,Nanometrics,TitanPH,1504,I-2023-4,2023-01-13,2028-01-12,,
한국농어촌공사,맹동,MDG,36.8934,127.56848,기록계,Nanometrics,Centaur,10703,I-2023-94,2023-10-26,2028-10-25,,
한국농어촌공사,맹동,MDG,36.8934,127.56848,가속도계,Nanometrics,TitanPH,1506,I-2023-15,2023-03-03,2028-03-02,,
한국농어촌공사,미호,MHG,36.8166,127.4976,가속도계,Nanometrics,TitanPH,1549,I-2023-4,2023-01-13,2028-01-12,,
한국농어촌공사,덕용,DQG,36.1386,126.8256,기록계,Guralp,CMG-DAS-S3,A7578/7986,I-2023-37,2023-05-04,2028-05-03,I-2026-32,2026-03-05
한국수력원자력,고리,KBG,35.2378,129.1819,기록계,Kinemetrics inc.,Q330HRS,6210,O-2023-129,2023-10-30,2028-10-29,,
한국수력원자력,고리,KBG,35.2378,129.1819,속도계,Streckeisen,STS-2.5,140148,O-2023-129,2023-10-30,2028-10-29,,
한국수력원자력,고리,KBG,35.2378,129.1819,가속도계,Kinemetrics inc.,ES-T2,209,O-2023-129,2023-10-30,2028-10-29,,
한국수력원자력,고리,KDG,35.5585,129.125,기록계,Kinemetrics inc.,Q330HRS,6218,O-2023-103,2023-10-05,2028-10-04,,
한국수력원자력,고리,KDG,35.5585,129.125,속도계,Streckeisen,STS-2.5,140150,O-2023-103,2023-10-05,2028-10-04,,
한국수력원자력,고리,KDG,35.5585,129.125,가속도계,Kinemetrics inc.,ES-T2,211,O-2023-103,2023-10-05,2028-10-04,,
한국수력원자력,고리,KEG,35.3321,129.3105,기록계,Kinemetrics inc.,Q330HRS,6223,O-2023-130,2023-10-31,2028-10-30,,
한국수력원자력,고리,KEG,35.3321,129.3105,속도계,Streckeisen,STS-2.5,140156,O-2023-130,2023-10-31,2028-10-30,,
한국수력원자력,고리,KEG,35.3321,129.3105,가속도계,Kinemetrics inc.,ES-T2,219,O-2023-130,2023-10-31,2028-10-30,,
한국수력원자력,월성,WBG,35.6847,129.4036,기록계,Kinemetrics inc.,Q330HRS,6217,O-2023-133,2023-11-01,2028-10-31,,
한국수력원자력,월성,WBG,35.6847,129.4036,속도계,Streckeisen,STS-2.5,140143,O-2023-133,2023-11-01,2028-10-31,,
한국수력원자력,월성,WBG,35.6847,129.4036,가속도계,Kinemetrics inc.,ES-T,10045,O-2023-133,2023-11-01,2028-10-31,,
한국수력원자력,월성,WCG,35.8422,129.2411,기록계,Kinemetrics inc.,Q330HRS,6212,O-2023-131,2023-10-31,2028-10-30,,
한국수력원자력,월성,WCG,35.8422,129.2411,속도계,Streckeisen,STS-2.5,140132,O-2023-131,2023-10-31,2028-10-30,,
한국수력원자력,월성,WCG,35.8422,129.2411,가속도계,Kinemetrics inc.,ES-T2,202,O-2023-131,2023-10-31,2028-10-30,,
한국수력원자력,월성,WDG,35.7848,129.4502,기록계,Kinemetrics inc.,Q330HRS,6213,O-2023-132,2023-11-01,2028-10-31,,
한국수력원자력,월성,WDG,35.7848,129.4502,속도계,Streckeisen,STS-2.5,140133,O-2023-132,2023-11-01,2028-10-31,,
한국수력원자력,월성,WDG,35.7848,129.4502,가속도계,Kinemetrics inc.,ES-T2,205,O-2023-132,2023-11-01,2028-10-31,,
한국수력원자력,한빛,YBG,35.2864,126.4392,기록계,Kinemetrics inc.,Q330HRS,6222,O-2023-109,2023-10-12,2028-10-11,,
한국수력원자력,한빛,YBG,35.2864,126.4392,속도계,Streckeisen,STS-2.5,140152,O-2023-109,2023-10-12,2028-10-11,,
한국수력원자력,한빛,YBG,35.2864,126.4392,가속도계,Kinemetrics inc.,ES-T,8545,O-2023-109,2023-10-12,2028-10-11,,
한국수력원자력,한울,UBG,36.9649,129.2779,기록계,Kinemetrics inc.,Q330HRS,6220,O-2023-136,2023-11-03,2028-11-02,,
한국수력원자력,한울,UBG,36.9649,129.2779,속도계,Streckeisen,STS-2.5,140145,O-2023-136,2023-11-03,2028-11-02,,
한국수력원자력,한울,UBG,36.9649,129.2779,가속도계,Kinemetrics inc.,ES-T2,216,O-2023-136,2023-11-03,2028-11-02,,
한국수자원공사,군남댐,GNG,38.1059,127.0138,기록계,Geosig,GMS-PLUS,104481,I-2023-110,2023-11-15,2028-11-14,,
한국수자원공사,군남댐,GNG,38.1059,127.0138,가속도계,GeoSIG,AC-73,59786,I-2023-110,2023-11-15,2028-11-14,,
한국수자원공사,상주보,SZG,36.4328,128.2483,기록계,Guralp,CMG-DAS,A4617,O-2023-128,2023-10-27,2028-10-26,,
한국수자원공사,영주댐,YUG,36.7227,128.6583,기록계,Kinemetrics,Basalt4X,2533,O-2023-142,2023-09-22,2028-09-21,,
한국수자원공사,영주댐,YUG,36.7227,128.6583,가속도계,Kinemetrics,ES-T,6085,O-2023-142,2023-09-22,2028-09-21,,
한국원자력안전기술원,방폐장 부지,RWD,35.73,129.4747,기록계,Kinemetrics,Q330HRS,6002,O-2023-134,2023-11-02,2028-11-01,,
한국원자력안전기술원,방폐장 부지,RWD,35.73,129.4747,속도계,Kinemetrics,STS-2.5,130404,O-2023-134,2023-11-02,2028-11-01,,
한국원자력안전기술원,방폐장 부지,RWD,35.73,129.4747,가속도계,Kinemetrics,ES-T,6850,O-2023-134,2023-11-02,2028-11-01,,
한국전력공사,미금변전소,MKG,37.5952,127.183,기록계,Kinemetrics,Q330S+,7847,I-2023-117,2023-12-04,2028-12-03,,
한국전력공사,광양변전소,KYG,34.9696,127.6216,기록계,Kinemetrics,Q330S+,7846,I-2023-118,2023-12-05,2028-12-04,,
한국전력공사,서대구변전소,WDG,35.9705,128.4069617,기록계,Kinemetrics,Q330S+,7848,I-2023-117,2023-12-04,2028-12-03,,
한국전력공사,신제천변전소,JCG,37.1775,128.2321,기록계,Kinemetrics,Q330S+,7849,I-2023-117,2023-12-04,2028-12-03,,
한국전력공사,신안성변전소,ASG,37.1158,127.2958,가속도계,Kinemetrics,ES-T,10265,I-2023-118,2023-12-05,2028-12-04,,
한국전력공사,북경남변전소,CNG,35.6134,128.5541,기록계,Kinemetrics,Q330S+,7850,I-2023-118,2023-12-05,2028-12-04,,
한국지질자원연구원,안좌도,AJD,34.74789,126.12384,속도계,Guralp,CMG-40T-1_A,T43901,O-2023-73,2023-08-04,2028-08-03,,
한국지질자원연구원,안좌도,AJD,34.74789,126.12384,가속도계,Kinemetrics,ES-T,8023,O-2023-73,2023-08-04,2028-08-03,,
한국지질자원연구원,청송,CHS,36.18113,129.08811,가속도계,Kinemetrics,ES-T,9767,I-2023-91,2023-10-19,2028-10-18,,
한국지질자원연구원,경북대,GKP2,35.890586,128.60658,기록계,Kinemetrics,Q330HRS,5924,O-2023-80,2023-08-21,2028-08-20,,
한국지질자원연구원,경북대,GKP2,35.890586,128.60658,속도계,Streckeisen,STS-5A,130922,O-2023-80,2023-08-21,2028-08-20,,
한국지질자원연구원,경북대,GKP2,35.890586,128.60658,가속도계,Kinemetrics,ES-DH,562,O-2023-80,2023-08-21,2028-08-20,,
한국지질자원연구원,효동리,HDB,35.73368,129.39905,기록계,Kinemetrics,Q330HRS,5934,O-2023-82,2023-08-22,2028-08-21,,
한국지질자원연구원,효동리,HDB,35.73368,129.39905,속도계,Streckeisen,STS-5A,130923,O-2023-82,2023-08-22,2028-08-21,,
한국지질자원연구원,효동리,HDB,35.73368,129.39905,가속도계,Kinemetrics,ES-DH,121,O-2023-82,2023-08-22,2028-08-21,,
한국지질자원연구원,홍성,HSB,36.5554,126.63594,기록계,Kinemetrics,Q330HRS,6117,O-2023-74,2023-08-04,2028-08-03,,
한국지질자원연구원,홍성,HSB,36.5554,126.63594,속도계,Guralp,CMG-3TB_C,T39899,O-2023-74,2023-08-04,2028-08-03,,
한국지질자원연구원,홍성,HSB,36.5554,126.63594,가속도계,Kinemetrics,ES-DH,551,O-2023-74,2023-08-04,2028-08-03,,
한국지질자원연구원,정선,JSB,37.31748,128.68537,기록계,Kinemetrics,Q330HRS,6456,O-2023-76,2023-08-09,2028-08-08,,
한국지질자원연구원,정선,JSB,37.31748,128.68537,속도계,Guralp,CMG-3TB_A,T3H50,-,2023-08-09,2028-08-08,,
한국지질자원연구원,김천,KMC,35.98692,127.94262,가속도계,Kinemetrics,ES-T,9410,I-2023-31,2023-04-17,2028-04-16,,
한국지질자원연구원,간성,KSA,38.59532,128.3516,가속도계,Kinemetrics,ES-T,4800,O-2023-147,2023-11-15,2028-11-14,,
한국지질자원연구원,문경,MGB,36.6402,128.2146,가속도계,Kinemetrics,ES-DH,217,O-2023-66,2023-07-31,2028-07-30,,
한국지질자원연구원,마라도,MRD,33.1166,126.26596,기록계,Kinemetrics,Q330HRS,5141,O-2023-147,2023-11-15,2028-11-14,,
한국지질자원연구원,마라도,MRD,33.1166,126.26596,속도계,Streckeisen,STS-2.5,120928,O-2023-147,2023-11-15,2028-11-14,,
한국지질자원연구원,나포리,NPR,36.0425,126.86637,기록계,Kinemetrics,Q330HRS,5540,I-2023-29,2023-04-13,2028-04-12,,
한국지질자원연구원,연평도,YPD,37.66151,125.69905,기록계,Kinemetrics,Q330HRS,4291,O-2023-160,2023-12-05,2028-12-04,,
한국지질자원연구원,연평도,YPD,37.66151,125.69905,속도계,Guralp,CMG-40T-1_A,T43905,O-2023-160,2023-12-05,2028-12-04,,
한국지질자원연구원,연평도,YPD,37.66151,125.69905,가속도계,Kinemetrics,ES-T,7128,O-2023-160,2023-12-05,2028-12-04,,
한국지질자원연구원,북백령도,BRN,37.9712,124.6352,가속도계,Kinemetrics,ES-DH,459,O-2023-158,2023-11-29,2028-11-28,,
한국지질자원연구원,남백령도,BRS,37.9172,124.69,가속도계,Kinemetrics,ES-DH,458,O-2023-157,2023-11-29,2028-11-28,,
한국지질자원연구원,포항,POHB,36.07778,129.35329,기록계,Kinemetrics,Q330HRS,6110,O-2023-83,2023-08-23,2028-08-22,,
한국지질자원연구원,포항,POHB,36.07778,129.35329,속도계,Streckeisen,STS-5A,130878,O-2023-83,2023-08-23,2028-08-22,,
한국지질자원연구원,포항,POHB,36.07778,129.35329,가속도계,Kinemetrics,ES-DH,477,O-2023-83,2023-08-23,2028-08-22,,
한국지질자원연구원,옥정리,OJR,36.2319,128.8173,기록계,Kinemetrics,Q330HRS,5142,I-2023-30,2023-04-14,2028-04-13,,
한국가스공사,나주관리소,NAG,35.0254,126.6904,기록계,동일테크,DSS-1030,DISS-R3-KR-00071,I-2024-12,2024-02-29,2029-02-27,,
한국가스공사,목감관리소,MGG,37.38,126.866,가속도계,동일테크,DSS-2030,DISS-S3-FB/00110,O-2024-237,2024-12-05,2029-12-04,,
한국가스공사,무안관리소,MAG,34.9579674,126.451435,기록계,오토시스,VS-24150C,VS24150C-PV-170222-01,O-2024-162,2024-11-04,2029-11-03,,
한국가스공사,무안관리소,MAG,34.9579674,126.451435,가속도계,오토시스,VL-3120S,VL3120S-170222-01,O-2024-162,2024-11-04,2029-11-03,,
한국가스공사,문막관리소,WMG,37.3,127.81,가속도계,오토시스,VL-3120S,VL3120S-18H001,O-2024-266,2024-12-13,2029-12-12,,
한국가스공사,방화관리소,BHG,37.581893,126.822375,가속도계,동일테크,DSS-2030,DISS-S3-FB/00092,O-2024-21,2024-06-12,2029-06-11,,
한국가스공사,벌교관리소,BGG,34.8662,127.3398,기록계,동일테크,DSS-1030,201604L3001,I-2024-12,2024-02-29,2029-02-27,,
한국가스공사,보령관리소,BOG,36.3933,126.4881,가속도계,동일테크,DSS-2030,DISS-S3-FB/00102,O-2024-197,2024-11-20,2029-11-19,,
한국가스공사,부곡관리소,BUG,36.9616,126.7787,가속도계,동일테크,DSS-2030,DISS-S3-FB/00099,O-2024-190,2024-11-19,2029-11-18,,
한국가스공사,비아관리소,VAG,35.2124,126.8123,기록계,오토시스,VS-24150C,VS24150C-171120-01,O-2024-163,2024-11-05,2029-11-04,,
한국가스공사,비아관리소,VAG,35.2124,126.8123,가속도계,오토시스,VL-3120S,VL3120S-171122-01,O-2024-163,2024-11-05,2029-11-04,,
한국가스공사,옥정관리소,OJG,37.8389,127.0965,기록계,Guralp,CMG-DAS-S3,A4388,I-2024-9,2024-02-08,2029-02-07,,
한국가스공사,왜관관리소,WAG,35.9818,128.386,기록계,오토시스,VS-24150C,VS24150C-181210-01,O-2024-242,2024-12-09,2029-12-08,,
한국가스공사,왜관관리소,WAG,35.9818,128.386,가속도계,오토시스,VL-3120S,VL-3120S-181210-04,O-2024-242,2024-12-09,2029-12-08,,
한국가스공사,울진관리소,WJG,36.997,129.388,기록계,Guralp,CMG-DAS-S3,A4387,I-2024-92,2024-10-18,2029-10-17,,
한국가스공사,율촌관리소,YCG,34.8986,127.5793,기록계,Guralp,CMG-DM24,A1860,I-2024-3,2024-01-29,2029-01-28,,
한국가스공사,음성관리소,ESG,37.116,127.663,가속도계,오토시스,VL-3120S,VL3120S-18H003,O-2024-254,2024-12-12,2029-12-11,,
한국가스공사,장성관리소,JSG,35.338,126.7713,기록계,Guralp,CMG-DM24,A3093,I-2024-100,2024-10-23,2029-10-22,,
한국가스공사,정관관리소,JKG,35.3147,129.1765,기록계,오토시스,VS-24150C,VS24150C-171129-01,O-2024-99,2024-10-10,2029-10-09,,
한국가스공사,정관관리소,JKG,35.3147,129.1765,가속도계,오토시스,VL-3120S,VL3120S-171211-01,O-2024-99,2024-10-10,2029-10-09,,
한국가스공사,제천관리소,CEG,37.132,128.112,가속도계,오토시스,VL-3120S,VL3120S-171226-01,O-2024-261,2024-12-12,2029-12-11,,
한국가스공사,진영관리소,JYG,35.297703,128.776839,기록계,동일테크,DSS-1030,DISS-R3-KR/00061,O-2024-141,2024-10-25,2029-10-24,,
한국가스공사,진영관리소,JYG,35.297703,128.776839,가속도계,오토시스,VL-3120S,VL3120S-171220-01,O-2024-141,2024-10-25,2029-10-24,,
한국가스공사,진장관리소,CCG,35.559,129.365,기록계,오토시스,VS-24150C,VS24150C-180523-01,O-2024-98,2024-10-08,2029-10-07,,
한국가스공사,진장관리소,CCG,35.559,129.365,가속도계,오토시스,VL-3120S,VL3120S-180523-01,O-2024-98,2024-10-08,2029-10-07,,
한국가스공사,충주관리소,JUG,37.075,127.936,가속도계,오토시스,VL-3120S,VL3120S-H002,O-2024-260,2024-12-12,2029-12-11,,
한국가스공사,평택관리소,PTG,37,127.06,가속도계,동일테크,DSS-2030,DISS-S3-FB/00097,O-2024-240,2024-12-06,2029-12-05,,
한국가스공사,포천관리소,FCG,37.9912,127.1688,기록계,Guralp,CMG-DAS-S3,A4481,I-2024-9,2024-02-08,2029-02-07,,
한국가스공사,홍성관리소,HOG,36.6055,126.6411,가속도계,오토시스,VL-3120S,VL3120S-180320-02,O-2024-194,2024-11-19,2029-11-18,,
한국가스공사,횡성관리소,HSG,37.4738,127.9497,가속도계,Geosig,AC-73,56428,O-2024-264,2024-12-13,2029-12-12,,
한국가스공사,원남관리소,WNG,36.9172,127.6935,기록계,동일테크,DSS-1030,DISS-S3-FB/00483,I-2024-14,2024-03-05,2029-03-04,,
한국가스공사,원남관리소,WNG,36.9172,127.6935,가속도계,동일테크,DSS-2030,DISS-S3-FB/00483,I-2024-15,2024-03-06,2029-03-05,,
한국가스공사,계류관리소,GLG,37.949528,127.172937,기록계,동일테크,DSS-1030,DISS-R3-KR/00119,I-2024-77,2024-09-09,2029-09-08,,
한국가스공사,계류관리소,GLG,37.949528,127.172937,가속도계,동일테크,DSS-2030,DISS-S3-FB/00508,I-2024-77,2024-09-09,2029-09-08,,
한국가스공사,대곶관리소,DJG,37.653401,126.599128,기록계,동일테크,DSS-1030,DISS-R3-KR/00113,I-2024-46,2024-07-29,2029-07-28,,
한국가스공사,대곶관리소,DJG,37.653401,126.599128,가속도계,동일테크,DSS-2030,DISS-S3-FB/00502,I-2024-46,2024-07-29,2029-07-28,,
한국가스공사,동두천관리소,DDG,37.902671,127.090284,기록계,동일테크,DSS-1030,DISS-R3-KR/00111,I-2024-43,2024-07-22,2029-07-21,,
한국가스공사,동두천관리소,DDG,37.902671,127.090284,가속도계,동일테크,DSS-2030,DISS-S3-FB/00500,I-2024-82,2024-09-11,2029-09-10,,
한국가스공사,매암관리소,MMG,35.511316,129.382371,가속도계,동일테크,DSS-2030,DISS-S3-FB/00491,I-2024-82,2024-09-11,2029-09-10,,
한국가스공사,상창관리소,SHG,33.281659,126.346835,기록계,동일테크,DSS-1030,DISS-R3-KR/00125,I-2024-115,2024-11-04,2029-11-03,,
한국가스공사,상창관리소,SHG,33.281659,126.346835,가속도계,동일테크,DSS-2030,DISS-S3-FB/00514,I-2024-115,2024-11-04,2029-11-03,,
한국가스공사,안산관리소,AAG,37.293878,126.780194,기록계,동일테크,DSS-1030,DISS-R3-KR/00114,I-2024-47,2024-07-30,2029-07-29,,
한국가스공사,안산관리소,AAG,37.293878,126.780194,가속도계,동일테크,DSS-2030,DISS-S3-FB/00503,I-2024-47,2024-07-30,2029-07-29,,
한국가스공사,안화관리소,AHG,37.0164,127.0093,기록계,동일테크,DSS-1030,DISS-R3-KR/00116,I-2024-55,2024-08-19,2029-08-18,,
한국가스공사,안화관리소,AHG,37.0164,127.0093,가속도계,동일테크,DSS-2030,DISS-S3-FB/00505,I-2024-55,2024-08-19,2029-08-18,,
한국가스공사,앙성관리소,AUG,37.09025,127.804933,기록계,동일테크,DSS-1030,DISS-R3-KR/00112,I-2024-45,2024-07-23,2029-07-22,,
한국가스공사,앙성관리소,AUG,37.09025,127.804933,가속도계,동일테크,DSS-2030,DISS-S3-FB/00501,I-2024-45,2024-07-23,2029-07-22,,
한국가스공사,여천관리소,YNG,34.792573,127.65397,기록계,동일테크,DSS-1030,DISS-R3-KR/00123,I-2024-111,2024-11-01,2029-10-31,,
한국가스공사,여천관리소,YNG,34.792573,127.65397,가속도계,동일테크,DSS-2030,DISS-S3-FB/00512,I-2024-111,2024-11-01,2029-10-31,,
한국가스공사,초평관리소,CPG,37.138666,127.05566,기록계,동일테크,DSS-1030,DISS-R3-KR/00115,I-2024-48,2024-07-31,2029-07-30,,
한국가스공사,초평관리소,CPG,37.138666,127.05566,가속도계,동일테크,DSS-2030,DISS-S3-FB/00504,I-2024-48,2024-07-31,2029-07-30,,
한국가스공사,통영관리소,TNG,34.948207,128.42044,기록계,동일테크,DSS-1030,DISS-R3-KR/00122,I-2024-110,2024-11-01,2029-10-31,,
한국가스공사,통영관리소,TNG,34.948207,128.42044,가속도계,동일테크,DSS-2030,DISS-S3-FB/00511,I-2024-110,2024-11-01,2029-10-31,,
한국가스공사,포승관리소,PSG,37.000882,126.791031,기록계,동일테크,DSS-1030,DISS-R3-KR/00117,I-2024-56,2024-08-19,2029-08-18,,
한국가스공사,포승관리소,PSG,37.000882,126.791031,가속도계,동일테크,DSS-2030,DISS-S3-FB/00506,I-2024-56,2024-08-19,2029-08-18,,
한국가스공사,풍산관리소,PNG,37.549154,127.193503,기록계,동일테크,DSS-1030,DISS-R3-KR/00118,I-2024-57,2024-08-19,2029-08-18,,
한국가스공사,풍산관리소,PNG,37.549154,127.193503,가속도계,동일테크,DSS-2030,DISS-S3-FB/00507,I-2024-57,2024-08-19,2029-08-18,,
한국가스공사,한림관리소,HLG,33.38293,126.32184,기록계,동일테크,DSS-1030,DISS-R3-KR/00124,I-2024-114,2024-11-04,2029-11-03,,
한국가스공사,한림관리소,HLG,33.38293,126.32184,가속도계,동일테크,DSS-2030,DISS-S3-FB/00513,I-2024-114,2024-11-04,2029-11-03,,
한국가스공사,홍북관리소,HBG,36.635038,126.675958,기록계,동일테크,DSS-1030,DISS-R3-KR/00121,I-2024-80,2024-09-10,2029-09-09,,
한국가스공사,홍북관리소,HBG,36.635038,126.675958,가속도계,동일테크,DSS-2030,DISS-S3-FB/00510,I-2024-80,2024-09-10,2029-09-09,,
한국가스공사,동춘천관리소,DNG,37.767869,127.774206,기록계,동일테크,DSS-1030,DISS-R3-KR/00120,I-2024-79,2024-09-10,2029-09-09,,
한국가스공사,동춘천관리소,DNG,37.767869,127.774206,가속도계,동일테크,DSS-2030,DISS-S3-FB/00509,I-2024-79,2024-09-10,2029-09-09,,
한국가스공사,완주관리소,WZG,35.9303,127.1427,기록계,동일테크,DSS-1030,DISS-R3-KR/00135,I-2024-14,2024-03-05,2029-03-04,,
한국가스공사,완주관리소,WZG,35.9303,127.1427,가속도계,동일테크,DSS-2030,DISS-S3-FB/00478,I-2024-15,2024-03-06,2029-03-05,,
한국가스공사,신태인관리소,STG,35.69,126.87,기록계,동일테크,DSS-1030,DISS-R3-KR/00129,I-2024-21,2024-04-15,2029-04-14,,
한국가스공사,신태인관리소,STG,35.69,126.87,가속도계,동일테크,DSS-2030,DISS-S3-FB/00440,I-2024-21,2024-04-15,2029-04-14,,
한국가스공사,임실관리소,LSG,35.622,127.3113,기록계,동일테크,DSS-1030,DISS-R3-KR/00132,I-2024-18,2024-03-18,2029-03-17,,
한국가스공사,임실관리소,LSG,35.622,127.3113,가속도계,동일테크,DSS-2030,DISS-S3-FB/00475,I-2024-18,2024-03-18,2029-03-17,,
한국가스공사,남원관리소,NWG,35.3886,127.3675,기록계,동일테크,DSS-1030,DISS-R3-KR/00131,I-2024-17,2024-03-18,2029-03-17,,
한국가스공사,남원관리소,NWG,35.3886,127.3675,가속도계,동일테크,DSS-2030,DISS-S3-FB/00474,I-2024-17,2024-03-18,2029-03-17,,
한국가스공사,진안관리소,ZAG,35.7687,127.4369,기록계,동일테크,DSS-1030,DISS-R3-KR/00130,I-2024-22,2024-04-15,2029-04-14,,
한국가스공사,진안관리소,ZAG,35.7687,127.4369,가속도계,동일테크,DSS-2030,DISS-S3-FB/00473,I-2024-22,2024-04-15,2029-04-14,,
한국가스공사,입면관리소,IMG,35.3067,127.2032,기록계,동일테크,DSS-1030,DISS-R3-KR/00133,I-2024-20,2024-03-19,2029-03-18,,
한국가스공사,입면관리소,IMG,35.3067,127.2032,가속도계,동일테크,DSS-2030,DISS-S3-FB/00476,I-2024-20,2024-03-19,2029-03-18,,
한국가스공사,곡성관리소,GOG,35.3088,127.2939,기록계,동일테크,DSS-1030,DISS-R3-KR/00134,I-2024-14,2024-03-05,2029-03-04,,
한국가스공사,곡성관리소,GOG,35.3088,127.2939,가속도계,동일테크,DSS-2030,DISS-S3-FB/00477,I-2024-15,2024-03-06,2029-03-05,,
한국가스공사,사리관리소,SRG,36.8054,127.683,기록계,동일테크,DSS-1030,DISS-R3-KR/00127,I-2024-158,2024-12-19,2029-12-18,,
한국가스공사,사리관리소,SRG,36.8054,127.683,가속도계,동일테크,DSS-2030,DISS-S3-FB/00516,I-2024-158,2024-12-19,2029-12-18,,
한국가스공사,보성관리소,BXG,37.7585114,127.072458,기록계,동일테크,DSS-1030,DISS-R3-KR/00138,I-2024-150,2024-12-12,2029-12-11,,
한국가스공사,보성관리소,BXG,37.7585114,127.072458,가속도계,동일테크,DSS-2030,DISS-S3-FB/00528,I-2024-150,2024-12-12,2029-12-11,,
한국가스공사,괴산관리소,QS,36.8201,127.7704,기록계,동일테크,DSS-1030,DISS-R3-KR/00126,I-2024-157,2024-12-19,2029-12-18,,
한국가스공사,괴산관리소,QS,36.8201,127.7704,가속도계,동일테크,DSS-2030,DISS-S3-FB/00515,I-2024-157,2024-12-19,2029-12-18,,
한국농어촌공사,담양,DYG,35.37549,127.016126,기록계,GeoSIG,GMSplus,104992,I-2024-66,2024-08-26,2029-08-25,,
한국농어촌공사,담양,DYG,35.37549,127.016126,가속도계,GeoSIG,AC-73-DH,58994,I-2024-148,2024-12-10,2029-12-09,,
한국농어촌공사,이동,IDG,37.1054,127.1878,기록계,GeoSIG,GMSplus,104619,I-2024-126,2024-11-20,2029-11-19,,
한국농어촌공사,이동,IDG,37.1054,127.1878,가속도계,GeoSIG,AC-73-DH,57272,O-2024-161,2024-11-01,2029-10-31,,
한국농어촌공사,경천,WJG,36.0216,127.2418,기록계,Guralp,CMG-DM24,A4065/5076,I-2024-104,2024-10-29,2029-10-28,,
한국농어촌공사,장성,JRG,35.3548,126.8195,기록계,Guralp,CMG-DAS-U-S3,A4478/5493,I-2024-156,2024-12-18,2029-12-17,I-2026-50,2026-03-31
한국농어촌공사,보문,BNG,35.8476,129.2659,기록계,Guralp,CMG-DM24,A6496/6654,I-2024-86,2024-09-26,2029-09-25,,
한국농어촌공사,보문,BNG,35.8476,129.2659,가속도계,Guralp,CMG-5TB,TB5981,O-2024-211,2024-11-27,2029-11-26,,
한국농어촌공사,달창,DCG,35.636852,128.4716681,기록계,Guralp,CMG-DM24,A7164/7517,I-2024-86,2024-09-26,2029-09-25,,
한국농어촌공사,기흥,GHG,37.22593,127.0937,기록계,에스에이텍,SAT-SED0103,A00066,I-2024-75,2024-09-09,2029-09-08,,
한국농어촌공사,고삼,GSG,37.0812,127.2701,기록계,에스에이텍,SAT-SED0103,A00070,I-2024-75,2024-09-09,2029-09-08,,
한국농어촌공사,난정,NQG,37.77685,126.22955,기록계,Guralp,CMG-DAS-S3,A7761/8188,O-2024-245,2024-12-10,2029-12-09,,
한국농어촌공사,난정,NQG,37.77685,126.22955,가속도계,Guralp,CMG-5TB,TB5C06,O-2024-245,2024-12-10,2029-12-09,,
한국농어촌공사,용당,YQG,37.00488,127.71193,기록계,Guralp,CMG-DAS-S3,A7701/8136,O-2024-256,2024-12-12,2029-12-11,,
한국농어촌공사,용당,YQG,37.00488,127.71193,가속도계,Nanometrics,TitanPH,1503,I-2024-137,2024-11-27,2029-11-26,,
한국농어촌공사,미호,MHG,36.8166,127.4976,기록계,Guralp,CMG-DAS-S3,A7726/8153,O-2024-247,2024-12-10,2029-12-09,,
한국농어촌공사,고풍,GPG,36.7903,126.593,기록계,Guralp,CMG-DAS-S3,A7687/8119,O-2024-276,2024-12-18,2029-12-17,,
한국농어촌공사,고풍,GPG,36.7903,126.593,가속도계,Guralp,CMG-5TB,TB5E05,O-2024-276,2024-12-18,2029-12-17,,
한국농어촌공사,용암,YAG,36.60837,127.24886,기록계,Guralp,CMG-DAS-S3,A7700/8140,O-2024-284,2024-12-20,2029-12-19,I-2026-32,2026-03-05
한국농어촌공사,용암,YAG,36.60837,127.24886,가속도계,Guralp,CMG-5TB,TB5E08,O-2024-284,2024-12-20,2029-12-19,,
한국농어촌공사,궁평,GJG,36.7217,126.998,가속도계,Guralp,CMG-5TB,TB5E06,O-2024-281,2024-12-19,2029-12-18,,
한국농어촌공사,반산,BSG,36.27339,126.85684,기록계,GeoSIG,GMSplus,103847,O-2024-271,2024-12-17,2029-12-16,,
한국농어촌공사,반산,BSG,36.27339,126.85684,가속도계,GeoSIG,AC-73-DH,56759,O-2024-271,2024-12-17,2029-12-16,,
한국농어촌공사,칠갑,CGG,36.4401,126.83958,기록계,GeoSIG,GMSplus,103848,O-2024-269,2024-12-16,2029-12-15,,
한국농어촌공사,칠갑,CGG,36.4401,126.83958,가속도계,GeoSIG,AC-73-DH,56767,O-2024-269,2024-12-16,2029-12-15,,
한국농어촌공사,복심,BQG,36.18392,126.86014,기록계,GeoSIG,GMSplus,103846,O-2024-278,2024-12-18,2029-12-17,,
한국농어촌공사,복심,BQG,36.18392,126.86014,가속도계,GeoSIG,AC-73-DH,56756,O-2024-278,2024-12-18,2029-12-17,,
한국농어촌공사,덕용,DQG,36.1386,126.8256,가속도계,Guralp,CMG-5TB,TB5E02,O-2024-267,2024-12-16,2029-12-15,,
한국농어촌공사,서부,SBG,36.1193,126.69215,가속도계,Guralp,CMG-5TB,TB5E03,O-2024-270,2024-12-17,2029-12-16,,
한국농어촌공사,동부,DBG,36.11513,126.77656,기록계,Guralp,CMG-DAS-S3,A7692/8113,I-2024-30,2024-06-28,2029-06-27,I-2026-57,2026-04-06
한국농어촌공사,동상,DSG,35.9528,127.27416,가속도계,GeoSIG,AC-73-DH,56759,O-2024-271,2024-12-17,2029-12-16,,
한국농어촌공사,금평,GMG,35.7191,127.0117,기록계,GeoSIG,GMSplus,103840,O-2024-220,2024-12-03,2029-12-02,,
한국농어촌공사,황금,HGG,35.878,127.3768,기록계,Guralp,CMG-DAS-S3,A7645/8065,O-2024-217,2024-12-02,2029-12-01,,
한국농어촌공사,황금,HGG,35.878,127.3768,가속도계,Guralp,CMG-5TB,TB5F07,O-2024-217,2024-12-02,2029-12-01,,
한국농어촌공사,대곡,DGG,35.70279,127.62634,기록계,Guralp,CMG-DAS-S3,A7648/8068,O-2024-175,2024-11-13,2029-11-12,,
한국농어촌공사,대곡,DGG,35.70279,127.62634,가속도계,Guralp,CMG-5TB,TB5F09,O-2024-175,2024-11-13,2029-11-12,,
한국농어촌공사,장남,JNG,35.56032,127.47288,기록계,Guralp,CMG-DAS-S3,A7686/8117,O-2024-170,2024-11-11,2029-11-10,,
한국농어촌공사,장남,JNG,35.56032,127.47288,가속도계,Guralp,CMG-5TB,TB5G00,O-2024-170,2024-11-11,2029-11-10,,
한국농어촌공사,용림,YRG,35.60674,127.54914,기록계,Guralp,CMG-DAS-S3,A7697/8123,O-2024-171,2024-11-12,2029-11-11,,
한국농어촌공사,용림,YRG,35.60674,127.54914,가속도계,Guralp,CMG-5TB,TB5G01,O-2024-171,2024-11-12,2029-11-11,,
한국농어촌공사,수청,SCG,35.55752,126.95171,가속도계,Guralp,CMG-5TB,TB5F06,O-2024-180,2024-11-14,2029-11-13,,
한국농어촌공사,계산,KSG,35.4616,126.6016,기록계,GeoSIG,GMSplus,103823,O-2024-196,2024-11-20,2029-11-19,,
한국농어촌공사,청호,CHG,35.74732,126.67404,가속도계,GeoSIG,AC-73-DH,56768,O-2024-199,2024-11-21,2029-11-20,,
한국농어촌공사,흥덕,HYG,35.5577,126.71589,가속도계,GeoSIG,AC-73-DH,56770,O-2024-205,2024-11-22,2029-11-21,,
한국농어촌공사,대동,DDG,35.119935,126.508556,기록계,Guralp,CMG-DAS-S3,A7571/7978,I-2024-133,2024-11-22,2029-11-21,I-2026-59,2026-04-10
한국농어촌공사,대동,DDG,35.119935,126.508556,가속도계,Guralp,CMG-5TB,TB5E09,O-2024-23,2024-06-13,2029-06-12,,
한국농어촌공사,장치,JQG,34.92258,127.03476,가속도계,Guralp,CMG-5TB,TB5F00,O-2024-20,2024-06-12,2029-06-11,,
한국농어촌공사,군곡,GEG,34.39459,126.53412,기록계,Guralp,CMG-DAS-S3,A7744/8173,I-2024-156,2024-12-18,2029-12-17,,
한국농어촌공사,마북,MBG,36.17574,129.26943,가속도계,GeoSIG,AC-73-DH,57208,O-2024-68,2024-09-10,2029-09-09,,
한국농어촌공사,묘곡,MKG,35.527157,129.35747,가속도계,GeoSIG,AC-73-DH,57207,O-2024-67,2024-09-10,2029-09-09,,
한국농어촌공사,상판,SPG,36.298474,128.006549,가속도계,GeoSIG,AC-73-DH,57205,O-2024-60,2024-09-03,2029-09-02,,
한국농어촌공사,오태,OTG,36.496446,128.12865,가속도계,GeoSIG,AC-73-DH,57204,O-2024-59,2024-09-03,2029-09-02,,
한국농어촌공사,금계,SGG,36.900698,128.52924,가속도계,GeoSIG,AC-73-DH,57203,O-2024-62,2024-09-04,2029-09-03,,
한국농어촌공사,금봉,GQG,36.341123,128.858212,기록계,GeoSIG,GMSplus,103866,O-2024-63,2024-09-05,2029-09-04,,
한국농어촌공사,용연,YOG,36.11745,129.3019,가속도계,GeoSIG,AC-73-DH,57209,O-2024-109,2024-10-16,2029-10-15,,
한국농어촌공사,서암,SAG,35.35986,128.24596,가속도계,KINEMETRIC,ES-DH,"DISS-S3-FB/00186
(646)",O-2024-116,2024-10-17,2029-10-16,,
한국농어촌공사,손항,SQG,35.4359,127.9793,가속도계,KINEMETRIC,ES-DH,"DISS-S3-FB/00180
(647)",O-2024-121,2024-10-17,2029-10-16,,
한국농어촌공사,주남,JMG,35.321975,128.677419,가속도계,KINEMETRIC,ES-DH,"DISS-S3-FB/00172
(645)",O-2024-115,2024-10-17,2029-10-16,,
한국농어촌공사,가북,GBG,35.77985,128.00055,가속도계,KINEMETRIC,ES-DH,"DISS-S3-FB/00177
(648)",O-2024-122,2024-10-18,2029-10-17,,
한국농어촌공사,가월,GWG,35.30296,128.69383,가속도계,KINEMETRIC,ES-DH,"DISS-S3-FB/00183
(644)",O-2024-120,2024-10-17,2029-10-16,,
한국농어촌공사,불갑,BGG,35.2244,126.5072,기록계,GeoSIG,GMSplus,104989,I-2024-59,2024-08-20,2029-08-19,,
한국농어촌공사,불갑,BGG,35.2244,126.5072,가속도계,GeoSIG,AC-73-DH,58995,I-2024-148,2024-12-10,2029-12-09,,
한국수자원공사,밀양댐,MRG,35.48288,128.93197,기록계,GeoSIG,GMS-PLUS,103257,O-2024-92,2024-10-02,2029-10-01,,
한국수자원공사,밀양댐,MRG,35.48288,128.93197,가속도계,GeoSIG,AC-73,56025,O-2024-92,2024-10-02,2029-10-01,,
한국수자원공사,용담댐,YDG,35.94558,127.52642,기록계,GeoSIG,GMS-PLUS,103245,I-2024-69,2024-08-29,2029-08-28,,
한국수자원공사,용담댐,YDG,35.94558,127.52642,가속도계,GeoSIG,AC-73,55468,I-2024-70,2024-08-30,2029-08-29,,
한국수자원공사,군위댐,GWG,36.11833,128.79672,기록계,GeoSIG,GMS-PLUS,103407,O-2024-172,2024-11-12,2029-11-11,,
한국수자원공사,군위댐,GWG,36.11833,128.79672,가속도계,GeoSIG,AC-23,52521,O-2024-172,2024-11-12,2029-11-11,,
한국수자원공사,대청댐,DCG,36.47924,127.48035,기록계,GeoSIG,GMS-PLUS,103404,O-2024-285,2024-12-20,2029-12-19,,
한국수자원공사,대청댐,DCG,36.47924,127.48035,가속도계,GeoSIG,AC-73,56298,O-2024-285,2024-12-20,2029-12-19,,
한국수자원공사,남강댐,NGG,35.16696,128.03846,가속도계,GeoSIG,AC-73,56307,O-2024-262,2024-12-13,2029-12-12,,
한국수자원공사,소양강댐,SYG,37.94503,127.81486,기록계,GeoSIG,GMS-PLUS,103396,O-2024-86,2024-09-26,2029-09-25,,
한국수자원공사,소양강댐,SYG,37.94503,127.81486,가속도계,GeoSIG,AC-73,56325,O-2024-86,2024-09-26,2029-09-25,,
한국수자원공사,충주댐,CJG,37.00627,127.99286,기록계,GeoSIG,GMS-PLUS,103387,O-2024-185,2024-11-14,2029-11-13,,
한국수자원공사,충주댐,CJG,37.00627,127.99286,가속도계,GeoSIG,AC-73,56299,O-2024-185,2024-11-14,2029-11-13,,
한국수자원공사,안동댐,ADG,36.583,128.7732,기록계,GeoSIG,GMS-PLUS,102920,I-2024-68,2024-08-26,2029-08-25,,
한국수자원공사,안동댐,ADG,36.583,128.7732,가속도계,GeoSIG,AC-73,56294,O-2024-182,2024-11-14,2029-11-13,,
한국수자원공사,임하댐,IHG,36.5392,128.8817,기록계,GeoSIG,GMS-PLUS,103405,O-2024-48,2024-08-06,2029-08-05,,
한국수자원공사,임하댐,IHG,36.5392,128.8817,가속도계,GeoSIG,AC-73,56287,O-2024-48,2024-08-06,2029-08-05,,
한국수자원공사,섬진강댐,SJG,35.54077,127.1102,기록계,GeoSIG,GMS-PLUS,103259,O-2024-250,2024-12-11,2029-12-10,,
한국수자원공사,섬진강댐,SJG,35.54077,127.1102,가속도계,GeoSIG,AC-73,56293,O-2024-250,2024-12-11,2029-12-10,,
한국수자원공사,주암(본)댐,JBG,35.06402,127.23887,기록계,GeoSIG,GMS-PLUS,103408,O-2024-76,2024-09-24,2029-09-23,,
한국수자원공사,주암(본)댐,JBG,35.06402,127.23887,가속도계,GeoSIG,AC-73,56292,O-2024-76,2024-09-24,2029-09-23,,
한국수자원공사,주암(조)댐,JJG,34.9489,127.41848,기록계,GeoSIG,GMS-PLUS,103394,O-2024-80,2024-09-25,2029-09-24,,
한국수자원공사,주암(조)댐,JJG,34.9489,127.41848,가속도계,GeoSIG,AC-73,56298,O-2024-285,2024-12-20,2029-12-19,,
한국수자원공사,장흥댐,JHG,34.75017,126.88352,가속도계,GeoSIG,AC-73,55465,O-2024-85,2024-09-26,2029-09-25,,
한국수자원공사,합천댐,HCG,35.53337,128.03208,가속도계,GeoSIG,AC-73,55601,O-2024-61,2024-09-04,2029-09-03,,
한국수자원공사,김천부항댐,BHG,35.98269,128.00203,가속도계,GeoSIG,AC-73,53481,O-2024-153,2024-10-30,2029-10-29,,
한국수자원공사,보현산댐,BSG,36.1266,128.9485,기록계,GeoSIG,GMS-PLUS,102532,I-2024-88,2024-10-17,2029-10-16,,
한국수자원공사,성덕댐,SDG,36.24,128.965,가속도계,GeoSIG,AC-73,53410,O-2024-16,2024-06-04,2029-06-03,,
한국수자원공사,운문댐,UMG,35.72231,128.91784,기록계,GeoSIG,GMS-PLUS,103409,O-2024-177,2024-11-13,2029-11-12,,
한국수자원공사,운문댐,UMG,35.72231,128.91784,가속도계,GeoSIG,AC-73,56304,O-2024-177,2024-11-13,2029-11-12,,
한국수자원공사,연초댐,YOG,34.94022,128.66671,기록계,GeoSIG,GMS-PLUS,103410,O-2024-65,2024-09-06,2029-09-05,,
한국수자원공사,연초댐,YOG,34.94022,128.66671,가속도계,GeoSIG,AC-73,56315,O-2024-65,2024-09-06,2029-09-05,,
한국수자원공사,구천댐,GCG,34.82194,128.63677,기록계,GeoSIG,GMS-PLUS,103399,-,2024-09-05,2029-09-04,,
한국수자원공사,구천댐,GCG,34.82194,128.63677,가속도계,GeoSIG,AC-73,56302,O-2024-64,2024-09-05,2029-09-04,,
한국수자원공사,사연댐,SNG,35.57991,129.19447,기록계,GeoSIG,GMS-PLUS,103386,O-2024-150,2024-10-30,2029-10-29,,
한국수자원공사,사연댐,SNG,35.57991,129.19447,가속도계,GeoSIG,AC-73-DH,53345,O-2024-150,2024-10-30,2029-10-29,,
한국수자원공사,대암댐,DAG,35.54317,129.1832,가속도계,GeoSIG,AC-73,56313,O-2024-155,2024-10-31,2029-10-30,,
한국수자원공사,선암댐,SAG,35.5172,129.3324,기록계,GeoSIG,GMS-PLUS,103390,O-2024-158,2024-11-01,2029-10-31,,
한국수자원공사,선암댐,SAG,35.5172,129.3324,가속도계,GeoSIG,AC-73,55482,O-2024-158,2024-11-01,2029-10-31,,
한국수자원공사,영천댐,YCG,36.06345,129.01427,기록계,GeoSIG,GMS-PLUS,103402,O-2024-71,2024-09-13,2029-09-12,,
한국수자원공사,영천댐,YCG,36.06345,129.01427,가속도계,GeoSIG,AC-73,56312,O-2024-142,2024-10-24,2029-10-23,,
한국수자원공사,안계댐,AGG,36.00866,129.26971,가속도계,GeoSIG,AC-73,56301,O-2024-70,2024-09-12,2029-09-11,,
한국수자원공사,수어댐,SEG,35.0331,127.7172,기록계,GeoSIG,GMS-PLUS,103406,I-2024-132,2024-11-25,2029-11-24,,
한국수자원공사,수어댐,SEG,35.0331,127.7172,가속도계,GeoSIG,AC-73,55602,O-2024-72,2024-09-23,2029-09-22,,
한국수자원공사,광동댐,GDG,37.3436,128.9469,기록계,GeoSIG,GMS-PLUS,103398,O-2024-202,2024-11-21,2029-11-20,,
한국수자원공사,광동댐,GDG,37.3436,128.9469,가속도계,GeoSIG,AC-73,56316,O-2024-202,2024-11-21,2029-11-20,,
한국수자원공사,달방댐,DBG,37.50605,129.03851,기록계,GeoSIG,GMS-PLUS,103401,O-2024-192,2024-11-19,2029-11-18,,
한국수자원공사,달방댐,DBG,37.50605,129.03851,가속도계,GeoSIG,AC-73,56319,O-2024-192,2024-11-19,2029-11-18,,
한국수자원공사,감포댐,GPG,35.83483,129.51108,기록계,GeoSIG,GMS-PLUS,103391,O-2024-69,2024-09-12,2029-09-11,,
한국수자원공사,감포댐,GPG,35.83483,129.51108,가속도계,GeoSIG,AC-73,56323,O-2024-69,2024-09-12,2029-09-11,,
한국수자원공사,대곡댐,DGG,35.619,129.175,기록계,GeoSIG,GMS-PLUS,103438,O-2024-145,2024-10-29,2029-10-28,,
한국수자원공사,대곡댐,DGG,35.619,129.175,가속도계,GeoSIG,AC-73,55869,O-2024-145,2024-10-29,2029-10-28,,
한국수자원공사,평림댐,PNG,35.287483,126.68484,기록계,GeoSIG,GMS-PLUS,103392,O-2024-91,2024-09-27,2029-09-26,,
한국수자원공사,평림댐,PNG,35.287483,126.68484,가속도계,GeoSIG,AC-73-DH,55606,O-2024-91,2024-09-27,2029-09-26,,
한국수자원공사,평화의댐,PHG,38.20985,127.84761,기록계,Geosig,GMS-PLUS,103528,O-2024-83,2024-09-25,2029-09-24,,
한국수자원공사,평화의댐,PHG,38.20985,127.84761,가속도계,GeoSIG,AC-73,56026,O-2024-83,2024-09-25,2029-09-24,,
한국수자원공사,상주보,SZG,36.4328,128.2483,가속도계,Guralp,CMG-5TB,TB5I01,I-2024-73,2024-09-06,2029-09-05,,
한국수자원공사,낙단보,RDG,36.36067,128.30651,기록계,Geosig,GMSPLUS6,104823,I-2024-44,2024-07-22,2029-07-21,,
한국수자원공사,한탄강댐,HTG,38.0631,127.1345,가속도계,GeoSIG,AC-73,53566,O-2024-88,2024-09-26,2029-09-25,,
한국원자력안전기술원,하나로 연구용원자로 부지,HNR,36.4274,127.3655,기록계,Kinemetrics,Q330HRS,6307,O-2024-282,2024-12-19,2029-12-18,,
한국원자력안전기술원,하나로 연구용원자로 부지,HNR,36.4274,127.3655,속도계,Kinemetrics,STS-2.5,140153,O-2024-282,2024-12-19,2029-12-18,,
한국원자력안전기술원,하나로 연구용원자로 부지,HNR,36.4274,127.3655,가속도계,Kinemetrics,ES-T,6853,O-2024-282,2024-12-19,2029-12-18,,
한국원자력안전기술원,NS-U001,U001,37.161859,129.321823,기록계,Nanometrics,Centaur,5817,O-2024-203,2024-11-21,2029-11-20,,
한국원자력안전기술원,NS-U001,U001,37.161859,129.321823,속도계,Nanometrics,Trillium Compact PH,6691,O-2024-203,2024-11-21,2029-11-20,,
한국원자력안전기술원,NS-U002,U002,37.08697,129.346251,기록계,Nanometrics,Centaur,5520,O-2024-206,2024-11-22,2029-11-21,,
한국원자력안전기술원,NS-U002,U002,37.08697,129.346251,속도계,Nanometrics,Trillium Compact PH,6597,O-2024-206,2024-11-22,2029-11-21,,
한국원자력안전기술원,NS-U003,U003,37.003503,129.344667,기록계,Nanometrics,Centaur,5821,O-2024-275,2024-12-18,2029-12-17,,
한국원자력안전기술원,NS-U003,U003,37.003503,129.344667,속도계,Nanometrics,Trillium Compact PH,6726,O-2024-275,2024-12-18,2029-12-17,,
한국원자력안전기술원,NS-U004,U004,37.221877,129.271716,기록계,Nanometrics,Centaur,5814,O-2024-200,2024-11-21,2029-11-20,,
한국원자력안전기술원,NS-U004,U004,37.221877,129.271716,속도계,Nanometrics,Trillium Compact PH,6690,O-2024-200,2024-11-21,2029-11-20,,
한국원자력안전기술원,NS-U005,U005,37.151744,129.217993,기록계,Nanometrics,Centaur,6235,O-2024-201,2024-11-21,2029-11-20,,
한국원자력안전기술원,NS-U005,U005,37.151744,129.217993,속도계,Nanometrics,Trillium Compact PH,7133,O-2024-201,2024-11-21,2029-11-20,,
한국원자력안전기술원,NS-U006,U006,37.100205,129.158622,기록계,Nanometrics,Centaur,5510,O-2024-222,2024-12-03,2029-12-02,,
한국원자력안전기술원,NS-U006,U006,37.100205,129.158622,속도계,Nanometrics,Trillium Compact PH,6592,O-2024-222,2024-12-03,2029-12-02,,
한국원자력안전기술원,NS-U007,U007,37.014042,129.213992,기록계,Nanometrics,Centaur,6239,O-2024-228,2024-12-04,2029-12-03,,
한국원자력안전기술원,NS-U007,U007,37.014042,129.213992,속도계,Nanometrics,Trillium Compact PH,7189,O-2024-228,2024-12-04,2029-12-03,,
한국원자력안전기술원,NS-U008,U008,36.928437,129.254123,기록계,Nanometrics,Centaur,6269,O-2024-227,2024-12-04,2029-12-03,,
한국원자력안전기술원,NS-U008,U008,36.928437,129.254123,속도계,Nanometrics,Trillium Compact PH,7099,O-2024-227,2024-12-04,2029-12-03,,
한국원자력안전기술원,NS-U009,U009,36.930339,129.376178,기록계,Nanometrics,Centaur,5337,O-2024-277,2024-12-18,2029-12-17,,
한국원자력안전기술원,NS-U009,U009,36.930339,129.376178,속도계,Nanometrics,Trillium Compact PH,6384,O-2024-277,2024-12-18,2029-12-17,,
한국원자력안전기술원,NS-U010,U010,37.318097,129.204533,기록계,Nanometrics,Centaur,5501,O-2024-198,2024-11-20,2029-11-19,,
한국원자력안전기술원,NS-U010,U010,37.318097,129.204533,속도계,Nanometrics,Trillium Compact PH,6583,O-2024-198,2024-11-20,2029-11-19,,
한국원자력안전기술원,NS-U011,U011,37.233717,129.165954,기록계,Nanometrics,Centaur,6238,O-2024-195,2024-11-20,2029-11-19,,
한국원자력안전기술원,NS-U011,U011,37.233717,129.165954,속도계,Nanometrics,Trillium Compact PH,7113,O-2024-195,2024-11-20,2029-11-19,,
한국원자력안전기술원,NS-U012,U012,37.152913,129.13413,기록계,Nanometrics,Centaur,5414,O-2024-219,2024-12-03,2029-12-02,,
한국원자력안전기술원,NS-U012,U012,37.152913,129.13413,속도계,Nanometrics,Trillium Compact PH,6415,O-2024-219,2024-12-03,2029-12-02,,
한국원자력안전기술원,NS-U013,U013,37.08826,129.033204,기록계,Nanometrics,Centaur,6241,O-2024-173,2024-11-12,2029-11-11,,
한국원자력안전기술원,NS-U013,U013,37.08826,129.033204,속도계,Nanometrics,Trillium Compact PH,7156,O-2024-173,2024-11-12,2029-11-11,,
한국원자력안전기술원,NS-U014,U014,37.002303,129.088197,기록계,Nanometrics,Centaur,6248,O-2024-244,2024-12-10,2029-12-09,,
한국원자력안전기술원,NS-U014,U014,37.002303,129.088197,속도계,Nanometrics,Trillium Compact PH,7163,O-2024-244,2024-12-10,2029-12-09,,
한국원자력안전기술원,NS-U015,U015,36.9261166,129.136104,기록계,Nanometrics,Centaur,6237,O-2024-231,2024-12-04,2029-12-03,,
한국원자력안전기술원,NS-U015,U015,36.9261166,129.136104,속도계,Nanometrics,Trillium Compact PH,7141,O-2024-231,2024-12-04,2029-12-03,,
한국원자력안전기술원,NS-U016,U016,36.854922,129.184802,기록계,Nanometrics,Centaur,6274,O-2024-246,2024-12-10,2029-12-09,,
한국원자력안전기술원,NS-U016,U016,36.854922,129.184802,속도계,Nanometrics,Trillium Compact PH,7169,O-2024-246,2024-12-10,2029-12-09,,
한국원자력안전기술원,NS-U017,U017,36.8331,129.338809,기록계,Nanometrics,Centaur,5823,O-2024-263,2024-12-13,2029-12-12,,
한국원자력안전기술원,NS-U017,U017,36.8331,129.338809,속도계,Nanometrics,Trillium Compact PH,6705,O-2024-263,2024-12-13,2029-12-12,,
한국원자력안전기술원,NS-U018,U018,37.394838,129.149815,기록계,Nanometrics,Centaur,5519,O-2024-188,2024-11-19,2029-11-18,,
한국원자력안전기술원,NS-U018,U018,37.394838,129.149815,속도계,Nanometrics,Trillium Compact PH,6596,O-2024-188,2024-11-19,2029-11-18,,
한국원자력안전기술원,NS-U019,U019,37.339537,129.07617,기록계,Nanometrics,Centaur,5507,O-2024-191,2024-11-19,2029-11-18,,
한국원자력안전기술원,NS-U019,U019,37.339537,129.07617,속도계,Nanometrics,Trillium Compact PH,6589,O-2024-191,2024-11-19,2029-11-18,,
한국원자력안전기술원,NS-U020,U020,37.232999,129.037758,기록계,Nanometrics,Centaur,6283,O-2024-193,2024-11-19,2029-11-18,,
한국원자력안전기술원,NS-U020,U020,37.232999,129.037758,속도계,Nanometrics,Trillium Compact PH,7139,O-2024-193,2024-11-19,2029-11-18,,
한국원자력안전기술원,NS-U021,U021,37.166162,128.977537,기록계,Nanometrics,Centaur,6281,O-2024-183,2024-11-14,2029-11-13,,
한국원자력안전기술원,NS-U021,U021,37.166162,128.977537,속도계,Nanometrics,Trillium Compact PH,7119,O-2024-183,2024-11-14,2029-11-13,,
한국원자력안전기술원,NS-U022,U022,37.089196,128.984528,기록계,Nanometrics,Centaur,6251,O-2024-186,2024-11-15,2029-11-14,,
한국원자력안전기술원,NS-U022,U022,37.089196,128.984528,속도계,Nanometrics,Trillium Compact PH,7186,O-2024-186,2024-11-15,2029-11-14,,
한국원자력안전기술원,NS-U023,U023,36.982163,129.001817,기록계,Nanometrics,Centaur,5813,O-2024-181,2024-11-14,2029-11-13,,
한국원자력안전기술원,NS-U023,U023,36.982163,129.001817,속도계,Nanometrics,Trillium Compact PH,6689,O-2024-181,2024-11-14,2029-11-13,,
한국원자력안전기술원,NS-U024,U024,36.926603,129.055463,기록계,Nanometrics,Centaur,5827,O-2024-225,2024-12-03,2029-12-02,,
한국원자력안전기술원,NS-U024,U024,36.926603,129.055463,속도계,Nanometrics,Trillium Compact PH,6658,O-2024-225,2024-12-03,2029-12-02,,
한국원자력안전기술원,NS-U025,U025,36.853795,129.103297,기록계,Nanometrics,Centaur,6272,O-2024-248,2024-12-10,2029-12-09,,
한국원자력안전기술원,NS-U025,U025,36.853795,129.103297,속도계,Nanometrics,Trillium Compact PH,7098,O-2024-248,2024-12-10,2029-12-09,,
한국원자력안전기술원,NS-U026,U026,36.771468,129.147181,기록계,Nanometrics,Centaur,5812,O-2024-249,2024-12-11,2029-12-10,,
한국원자력안전기술원,NS-U026,U026,36.771468,129.147181,속도계,Nanometrics,Trillium Compact PH,6722,O-2024-249,2024-12-11,2029-12-10,,
한국원자력안전기술원,NS-U027,U027,36.765207,129.274104,기록계,Nanometrics,Centaur,6268,O-2024-251,2024-12-11,2029-12-10,,
한국원자력안전기술원,NS-U027,U027,36.765207,129.274104,속도계,Nanometrics,Trillium Compact PH,7114,O-2024-251,2024-12-11,2029-12-10,,
한국원자력안전기술원,NS-U028,U028,36.795,129.388274,기록계,Nanometrics,Centaur,5335,O-2024-257,2024-12-12,2029-12-11,,
한국원자력안전기술원,NS-U028,U028,36.795,129.388274,속도계,Nanometrics,Trillium Compact PH,6382,O-2024-257,2024-12-12,2029-12-11,,
한국원자력안전기술원,NS-U029,U029,37.31476,128.977982,기록계,Nanometrics,Centaur,5517,O-2024-176,2024-11-13,2029-11-12,,
한국원자력안전기술원,NS-U029,U029,37.31476,128.977982,속도계,Nanometrics,Trillium Compact PH,6595,O-2024-176,2024-11-13,2029-11-12,,
한국원자력안전기술원,NS-U030,U030,37.23661,128.957,기록계,Nanometrics,Centaur,5408,O-2024-178,2024-11-13,2029-11-12,,
한국원자력안전기술원,NS-U030,U030,37.23661,128.957,속도계,Nanometrics,Trillium Compact PH,6409,O-2024-178,2024-11-13,2029-11-12,,
한국원자력안전기술원,NS-U031,U031,36.930669,128.932558,기록계,Nanometrics,Centaur,5809,O-2024-216,2024-11-29,2029-11-28,,
한국원자력안전기술원,NS-U031,U031,36.930669,128.932558,속도계,Nanometrics,Trillium Compact PH,6660,O-2024-216,2024-11-29,2029-11-28,,
한국원자력안전기술원,NS-U032,U032,36.851708,128.995274,기록계,Nanometrics,Centaur,5818,O-2024-234,2024-12-05,2029-12-04,,
한국원자력안전기술원,NS-U032,U032,36.851708,128.995274,속도계,Nanometrics,Trillium Compact PH,6702,O-2024-234,2024-12-05,2029-12-04,,
한국원자력안전기술원,NS-U033,U033,36.707634,129.332376,기록계,Nanometrics,Centaur,5336,O-2024-279,2024-12-18,2029-12-17,,
한국원자력안전기술원,NS-U033,U033,36.707634,129.332376,속도계,Nanometrics,Trillium Compact PH,6383,O-2024-279,2024-12-18,2029-12-17,,
한국원자력안전기술원,NS-U034,U034,36.688798,129.437501,기록계,Nanometrics,Centaur,5328,O-2024-274,2024-12-17,2029-12-16,,
한국원자력안전기술원,NS-U034,U034,36.688798,129.437501,속도계,Nanometrics,Trillium Compact PH,6376,O-2024-274,2024-12-17,2029-12-16,,
한국원자력안전기술원,NS-U035,U035,36.846239,129.4292,기록계,Nanometrics,Centaur,5331,O-2024-259,2024-12-12,2029-12-11,,
한국원자력안전기술원,NS-U035,U035,36.846239,129.4292,속도계,Nanometrics,Trillium Compact PH,6379,O-2024-259,2024-12-12,2029-12-11,,
한국원자력안전기술원,NS-Y001,Y001,35.403032,126.516686,기록계,Nanometrics,Centaur,5494,O-2024-135,2024-10-23,2029-10-22,,
한국원자력안전기술원,NS-Y001,Y001,35.403032,126.516686,속도계,Nanometrics,Trillium Compact PH,6560,O-2024-135,2024-10-23,2029-10-22,,
한국원자력안전기술원,NS-Y002,Y002,35.33289,126.479778,기록계,Nanometrics,Centaur,5419,O-2024-127,2024-10-22,2029-10-21,,
한국원자력안전기술원,NS-Y002,Y002,35.33289,126.479778,속도계,Nanometrics,Trillium Compact PH,6551,O-2024-127,2024-10-22,2029-10-21,,
한국원자력안전기술원,NS-Y003,Y003,35.407718,126.625133,기록계,Nanometrics,Centaur,6261,O-2024-154,2024-10-31,2029-10-30,,
한국원자력안전기술원,NS-Y003,Y003,35.407718,126.625133,속도계,Nanometrics,Trillium Compact PH,7101,O-2024-154,2024-10-31,2029-10-30,,
한국원자력안전기술원,NS-Y004,Y004,35.477687,126.550941,기록계,Nanometrics,Centaur,6298,O-2024-132,2024-10-23,2029-10-22,,
한국원자력안전기술원,NS-Y004,Y004,35.477687,126.550941,속도계,Nanometrics,Trillium Compact PH,7152,O-2024-132,2024-10-23,2029-10-22,,
한국원자력안전기술원,NS-Y005,Y005,35.33999,126.546116,기록계,Nanometrics,Centaur,5372,O-2024-129,2024-10-22,2029-10-21,,
한국원자력안전기술원,NS-Y005,Y005,35.33999,126.546116,속도계,Nanometrics,Trillium Compact PH,6404,O-2024-129,2024-10-22,2029-10-21,,
한국원자력안전기술원,NS-Y006,Y006,35.252929,126.416523,기록계,Nanometrics,Centaur,6292,O-2024-101,2024-10-10,2029-10-09,,
한국원자력안전기술원,NS-Y006,Y006,35.252929,126.416523,속도계,Nanometrics,Trillium Compact PH,7144,O-2024-101,2024-10-10,2029-10-09,,
한국원자력안전기술원,NS-Y007,Y007,35.247487,126.526723,기록계,Nanometrics,Centaur,5499,O-2024-136,2024-10-24,2029-10-23,,
한국원자력안전기술원,NS-Y007,Y007,35.247487,126.526723,속도계,Nanometrics,Trillium Compact PH,6581,O-2024-136,2024-10-24,2029-10-23,,
한국원자력안전기술원,NS-Y008,Y008,35.40456,126.749239,기록계,Nanometrics,Centaur,6290,O-2024-156,2024-10-31,2029-10-30,,
한국원자력안전기술원,NS-Y008,Y008,35.40456,126.749239,속도계,Nanometrics,Trillium Compact PH,7173,O-2024-156,2024-10-31,2029-10-30,,
한국원자력안전기술원,NS-Y009,Y009,35.479817,126.686575,기록계,Nanometrics,Centaur,5508,O-2024-152,2024-10-30,2029-10-29,,
한국원자력안전기술원,NS-Y009,Y009,35.479817,126.686575,속도계,Nanometrics,Trillium Compact PH,6590,O-2024-152,2024-10-30,2029-10-29,,
한국원자력안전기술원,NS-Y010,Y010,35.31532,126.678753,기록계,Nanometrics,Centaur,5373,O-2024-139,2024-10-24,2029-10-23,,
한국원자력안전기술원,NS-Y010,Y010,35.31532,126.678753,속도계,Nanometrics,Trillium Compact PH,6405,O-2024-139,2024-10-24,2029-10-23,,
한국원자력안전기술원,NS-Y011,Y011,35.559718,126.631813,기록계,Nanometrics,Centaur,6294,O-2024-151,2024-10-30,2029-10-29,,
한국원자력안전기술원,NS-Y011,Y011,35.559718,126.631813,속도계,Nanometrics,Trillium Compact PH,7187,O-2024-151,2024-10-30,2029-10-29,,
한국원자력안전기술원,NS-Y012,Y012,35.24807,126.629105,기록계,Nanometrics,Centaur,6258,O-2024-138,2024-10-24,2029-10-23,,
한국원자력안전기술원,NS-Y012,Y012,35.24807,126.629105,속도계,Nanometrics,Trillium Compact PH,7109,O-2024-138,2024-10-24,2029-10-23,,
한국원자력안전기술원,NS-Y013,Y013,35.648876,126.574333,기록계,Nanometrics,Centaur,5321,O-2024-96,2024-10-08,2029-10-07,,
한국원자력안전기술원,NS-Y013,Y013,35.648876,126.574333,속도계,Nanometrics,Trillium Compact PH,6068,O-2024-96,2024-10-08,2029-10-07,,
한국원자력안전기술원,NS-Y014,Y014,35.636421,126.480409,기록계,Nanometrics,Centaur,5323,O-2024-95,2024-10-07,2029-10-06,,
한국원자력안전기술원,NS-Y014,Y014,35.636421,126.480409,속도계,Nanometrics,Trillium Compact PH,6292,O-2024-95,2024-10-07,2029-10-06,,
한국원자력안전기술원,NS-Y015,Y015,35.170731,126.46824,기록계,Nanometrics,Centaur,5257,O-2024-124,2024-10-21,2029-10-20,,
한국원자력안전기술원,NS-Y015,Y015,35.170731,126.46824,속도계,Nanometrics,Trillium Compact PH,6349,O-2024-124,2024-10-21,2029-10-20,,
한국원자력안전기술원,NS-Y016,Y016,35.182904,126.572283,기록계,Nanometrics,Centaur,5416,O-2024-125,2024-10-21,2029-10-20,,
한국원자력안전기술원,NS-Y016,Y016,35.182904,126.572283,속도계,Nanometrics,Trillium Compact PH,6417,O-2024-125,2024-10-21,2029-10-20,,
한국원자력안전기술원,NS-Y017,Y017,35.403422,126.880923,기록계,Nanometrics,Centaur,5570,O-2024-160,2024-11-01,2029-10-31,,
한국원자력안전기술원,NS-Y017,Y017,35.403422,126.880923,속도계,Nanometrics,Trillium Compact PH,6613,O-2024-160,2024-11-01,2029-10-31,,
한국원자력안전기술원,NS-Y018,Y018,35.486412,126.800166,기록계,Nanometrics,Centaur,6267,O-2024-159,2024-10-31,2029-10-30,,
한국원자력안전기술원,NS-Y018,Y018,35.486412,126.800166,속도계,Nanometrics,Trillium Compact PH,7148,O-2024-159,2024-10-31,2029-10-30,,
한국원자력안전기술원,NS-Y019,Y019,35.31803,126.786432,기록계,Nanometrics,Centaur,6255,O-2024-100,2024-10-10,2029-10-09,,
한국원자력안전기술원,NS-Y019,Y019,35.31803,126.786432,속도계,Nanometrics,Trillium Compact PH,7138,O-2024-100,2024-10-10,2029-10-09,,
한국원자력안전기술원,NS-Y020,Y020,35.562418,126.746496,기록계,Nanometrics,Centaur,5407,O-2024-149,2024-10-30,2029-10-29,,
한국원자력안전기술원,NS-Y020,Y020,35.562418,126.746496,속도계,Nanometrics,Trillium Compact PH,6408,O-2024-149,2024-10-30,2029-10-29,,
한국원자력안전기술원,NS-Y021,Y021,35.23197,126.734052,기록계,Nanometrics,Centaur,6253,O-2024-143,2024-10-25,2029-10-24,,
한국원자력안전기술원,NS-Y021,Y021,35.23197,126.734052,속도계,Nanometrics,Trillium Compact PH,7172,O-2024-143,2024-10-25,2029-10-24,,
한국원자력안전기술원,NS-Y022,Y022,35.633322,126.683212,기록계,Nanometrics,Centaur,6250,O-2024-93,2024-10-07,2029-10-06,,
한국원자력안전기술원,NS-Y022,Y022,35.633322,126.683212,속도계,Nanometrics,Trillium Compact PH,7146,O-2024-93,2024-10-07,2029-10-06,,
한국원자력안전기술원,NS-Y023,Y023,35.182013,126.68847,기록계,Nanometrics,Centaur,5418,O-2024-117,2024-10-17,2029-10-16,,
한국원자력안전기술원,NS-Y023,Y023,35.182013,126.68847,속도계,Nanometrics,Trillium Compact PH,6550,O-2024-117,2024-10-17,2029-10-16,,
한국원자력안전기술원,NS-Y024,Y024,35.712015,126.639545,기록계,Nanometrics,Centaur,6247,O-2024-97,2024-10-08,2029-10-07,,
한국원자력안전기술원,NS-Y024,Y024,35.712015,126.639545,속도계,Nanometrics,Trillium Compact PH,7190,O-2024-97,2024-10-08,2029-10-07,,
한국원자력안전기술원,NS-Y025,Y025,35.092681,126.19748,기록계,Nanometrics,Centaur,5255,O-2024-107,2024-10-15,2029-10-14,,
한국원자력안전기술원,NS-Y025,Y025,35.092681,126.19748,속도계,Nanometrics,Trillium Compact PH,6347,O-2024-107,2024-10-15,2029-10-14,,
한국원자력안전기술원,NS-Y026,Y026,35.090636,126.290153,기록계,Nanometrics,Centaur,5246,O-2024-108,2024-10-15,2029-10-14,,
한국원자력안전기술원,NS-Y026,Y026,35.090636,126.290153,속도계,Nanometrics,Trillium Compact PH,6328,O-2024-108,2024-10-15,2029-10-14,,
한국원자력안전기술원,NS-Y027,Y027,35.092589,126.53035,기록계,Nanometrics,Centaur,5252,O-2024-111,2024-10-16,2029-10-15,,
한국원자력안전기술원,NS-Y027,Y027,35.092589,126.53035,속도계,Nanometrics,Trillium Compact PH,6344,O-2024-111,2024-10-16,2029-10-15,,
한국원자력안전기술원,NS-Y028,Y028,35.102264,126.607505,기록계,Nanometrics,Centaur,5232,O-2024-113,2024-10-16,2029-10-15,,
한국원자력안전기술원,NS-Y028,Y028,35.102264,126.607505,속도계,Nanometrics,Trillium Compact PH,6309,O-2024-113,2024-10-16,2029-10-15,,
한국원자력안전기술원,NS-Y029,Y029,35.560026,126.844898,기록계,Nanometrics,Centaur,5319,O-2024-148,2024-10-29,2029-10-28,,
한국원자력안전기술원,NS-Y029,Y029,35.560026,126.844898,속도계,Nanometrics,Trillium Compact PH,6371,O-2024-148,2024-10-29,2029-10-28,,
한국원자력안전기술원,NS-Y030,Y030,35.245728,126.848273,기록계,Nanometrics,Centaur,6257,O-2024-140,2024-10-25,2029-10-24,,
한국원자력안전기술원,NS-Y030,Y030,35.245728,126.848273,속도계,Nanometrics,Trillium Compact PH,7111,O-2024-140,2024-10-25,2029-10-24,,
한국원자력안전기술원,NS-Y031,Y031,35.637923,126.811218,기록계,Nanometrics,Centaur,5492,O-2024-146,2024-10-29,2029-10-28,,
한국원자력안전기술원,NS-Y031,Y031,35.637923,126.811218,속도계,Nanometrics,Trillium Compact PH,6554,O-2024-146,2024-10-29,2029-10-28,,
한국원자력안전기술원,NS-Y032,Y032,35.178092,126.783057,기록계,Nanometrics,Centaur,5342,O-2024-119,2024-10-17,2029-10-16,,
한국원자력안전기술원,NS-Y032,Y032,35.178092,126.783057,속도계,Nanometrics,Trillium Compact PH,6394,O-2024-119,2024-10-17,2029-10-16,,
한국원자력안전기술원,NS-Y033,Y033,35.010305,126.465504,기록계,Nanometrics,Centaur,5228,O-2024-110,2024-10-15,2029-10-14,,
한국원자력안전기술원,NS-Y033,Y033,35.010305,126.465504,속도계,Nanometrics,Trillium Compact PH,6202,O-2024-110,2024-10-15,2029-10-14,,
한국원자력안전기술원,NS-Y034,Y034,35.47567,126.467751,기록계,Nanometrics,Centaur,6264,O-2024-130,2024-10-23,2029-10-22,,
한국원자력안전기술원,NS-Y034,Y034,35.47567,126.467751,속도계,Nanometrics,Trillium Compact PH,7153,O-2024-130,2024-10-23,2029-10-22,,
한국원자력안전기술원,NS-Y035,Y035,35.0881,126.74089,기록계,Nanometrics,Centaur,5231,O-2024-114,2024-10-16,2029-10-15,,
한국원자력안전기술원,NS-Y035,Y035,35.0881,126.74089,속도계,Nanometrics,Trillium Compact PH,6308,O-2024-114,2024-10-16,2029-10-15,,
한국전력공사,서인천복합스위치야드,WIG,37.5381,126.6101,기록계,Kinemetrics,Q330S+,6260,O-2024-209,2024-11-27,2029-11-26,,
한국전력공사,서인천복합스위치야드,WIG,37.5381,126.6101,가속도계,Kinemetrics,ES-T,7703,O-2024-209,2024-11-27,2029-11-26,,
한국전력공사,인천화력스위치야드,ICG,37.5115,126.6086,기록계,Kinemetrics,Q330S+,6261,O-2024-212,2024-11-27,2029-11-26,,
한국전력공사,인천화력스위치야드,ICG,37.5115,126.6086,가속도계,Kinemetrics,ES-T,7705,O-2024-212,2024-11-27,2029-11-26,,
한국전력공사,신가좌변전소,GJG,37.4888,126.6925,기록계,Kinemetrics,Q330S+,6269,O-2024-208,2024-11-26,2029-11-25,,
한국전력공사,신가좌변전소,GJG,37.4888,126.6925,가속도계,Kinemetrics,ES-T,7706,O-2024-208,2024-11-26,2029-11-25,,
한국전력공사,영흥화력스위치야드,YHG,37.2375,126.4396,기록계,Kinemetrics,Q330S+,6263,O-2024-236,2024-12-05,2029-12-04,,
한국전력공사,영흥화력스위치야드,YHG,37.2375,126.4396,가속도계,Kinemetrics,ES-T,7707,O-2024-236,2024-12-05,2029-12-04,,
한국전력공사,동두천복합스위치야드,DCG,37.9029,127.0903,기록계,Kinemetrics,Q330S+,6264,O-2024-223,2024-12-03,2029-12-02,,
한국전력공사,동두천복합스위치야드,DCG,37.9029,127.0903,가속도계,Kinemetrics,ES-T,7708,O-2024-223,2024-12-03,2029-12-02,,
한국전력공사,포천복합스위치야드,PCG,37.9886,127.1641,기록계,Kinemetrics,Q330S+,6265,O-2024-229,2024-12-04,2029-12-03,,
한국전력공사,포천복합스위치야드,PCG,37.9886,127.1641,가속도계,Kinemetrics,ES-T,7709,O-2024-229,2024-12-04,2029-12-03,,
한국전력공사,포천LNG스위치야드,PLG,37.94624722,127.3373139,기록계,Kinemetrics,Q330S+,6266,O-2024-232,2024-12-04,2029-12-03,,
한국전력공사,포천LNG스위치야드,PLG,37.94624722,127.3373139,가속도계,Kinemetrics,ES-T,7710,O-2024-232,2024-12-04,2029-12-03,,
한국전력공사,신덕은변전소,SDG,37.8056,126.7676,기록계,Kinemetrics,Q330S+,6267,I-2024-153,2024-12-16,2029-12-15,,
한국전력공사,신덕은변전소,SDG,37.8056,126.7676,가속도계,Kinemetrics,ES-T,7711,I-2024-153,2024-12-16,2029-12-15,,
한국전력공사,평택화력스위치야드,PTG,37.0038,126.7969,기록계,Kinemetrics,Q330S+,6268,O-2024-233,2024-12-04,2029-12-03,I-2026-76,2026-05-20
한국전력공사,평택화력스위치야드,PTG,37.0038,126.7969,가속도계,Kinemetrics,ES-T,7712,O-2024-233,2024-12-04,2029-12-03,I-2026-85,2026-06-02
한국전력공사,화성변전소,HSG,37.1391,126.8881,가속도계,Kinemetrics,ES-T,7713,O-2024-230,2024-12-04,2029-12-03,,
한국전력공사,곤지암변전소,GAG,37.3712,127.3375,기록계,Kinemetrics,Q330S+,6298,O-2024-218,2024-12-02,2029-12-01,,
한국전력공사,곤지암변전소,GAG,37.3712,127.3375,가속도계,Kinemetrics,ES-T,7746,O-2024-218,2024-12-02,2029-12-01,,
한국전력공사,신수원변전소,SWG,37.2218,127.0772,기록계,Kinemetrics,Q330S+,6271,O-2024-224,2024-12-03,2029-12-02,,
한국전력공사,신용인변전소,YIG,37.2433,127.1458,기록계,Kinemetrics,Q330S+,6272,O-2024-221,2024-12-03,2029-12-02,,
한국전력공사,신용인변전소,YIG,37.2433,127.1458,가속도계,Kinemetrics,ES-T,7716,O-2024-221,2024-12-03,2029-12-02,,
한국전력공사,신광명변전소,YSG,37.4587,126.8485,가속도계,Kinemetrics,ES-T,7718,O-2024-214,2024-11-28,2029-11-27,,
한국전력공사,삼척G/P스위치야드,SCG,37.19022,129.33882,기록계,Kinemetrics,Q330S+,6275,O-2024-25,2024-06-25,2029-06-24,,
한국전력공사,삼척G/P스위치야드,SCG,37.19022,129.33882,가속도계,Kinemetrics,ES-T,7719,O-2024-25,2024-06-25,2029-06-24,,
한국전력공사,북평T/P스위치야드,BPG,37.49234,129.11448,기록계,Kinemetrics,Q330S+,6276,O-2024-26,2024-06-26,2029-06-25,,
한국전력공사,북평T/P스위치야드,BPG,37.49234,129.11448,가속도계,Kinemetrics,ES-T,7720,O-2024-26,2024-06-26,2029-06-25,,
한국전력공사,신양양변전소,YAG,38.0172,128.5488,가속도계,Kinemetrics,ES-T,7721,O-2024-28,2024-06-27,2029-06-26,,
한국전력공사,남청주변전소,CWG,36.5538,127.461,기록계,Kinemetrics,Q330S+,6278,O-2024-40,2024-07-24,2029-07-23,,
한국전력공사,남청주변전소,CWG,36.5538,127.461,가속도계,Kinemetrics,ES-T,7722,O-2024-40,2024-07-24,2029-07-23,,
한국전력공사,신진천변전소,JIG,36.8217,127.3884,기록계,Kinemetrics,Q330S+,6279,O-2024-45,2024-07-31,2029-07-30,,
한국전력공사,신진천변전소,JIG,36.8217,127.3884,가속도계,Kinemetrics,ES-T,7723,O-2024-45,2024-07-31,2029-07-30,,
한국전력공사,세종스위치야드,SJG,36.49997,127.32291,가속도계,Kinemetrics,ES-T,7725,O-2024-39,2024-07-23,2029-07-22,,
한국전력공사,아산변전소,ANG,36.791,126.924,기록계,Kinemetrics,Q330S+,6282,O-2024-253,2024-12-11,2029-12-10,,
한국전력공사,아산변전소,ANG,36.791,126.924,가속도계,Kinemetrics,ES-T,7726,O-2024-253,2024-12-11,2029-12-10,,
한국전력공사,군산변전소,GSG,35.9681,126.8571,기록계,Kinemetrics,Q330S+,6283,O-2024-255,2024-12-12,2029-12-11,,
한국전력공사,군산변전소,GSG,35.9681,126.8571,가속도계,Kinemetrics,ES-T,7727,O-2024-255,2024-12-12,2029-12-11,,
한국전력공사,새만금변전소,SMG,35.9564,126.6233,기록계,Kinemetrics,Q330S+,6284,O-2024-258,2024-12-12,2029-12-11,,
한국전력공사,새만금변전소,SMG,35.9564,126.6233,가속도계,Kinemetrics,ES-T,7728,O-2024-258,2024-12-12,2029-12-11,,
한국전력공사,율촌복합스위치야드,YCG,34.9001,127.5749,기록계,Kinemetrics,Q330S+,6285,O-2024-46,2024-08-05,2029-08-04,,
한국전력공사,율촌복합스위치야드,YCG,34.9001,127.5749,가속도계,Kinemetrics,ES-T,7729,O-2024-46,2024-08-05,2029-08-04,,
한국전력공사,해남변환소,HNG,34.3677,126.593,기록계,Kinemetrics,Q330S+,6287,O-2024-165,2024-11-06,2029-11-05,,
한국전력공사,해남변환소,HNG,34.3677,126.593,가속도계,Kinemetrics,ES-T,7731,O-2024-165,2024-11-06,2029-11-05,,
한국전력공사,안동복합스위치야드,ADG,36.5933,128.5405,기록계,Kinemetrics,Q330S+,6288,O-2024-55,2024-08-23,2029-08-22,,
한국전력공사,안동복합스위치야드,ADG,36.5933,128.5405,가속도계,Kinemetrics,ES-T,7732,O-2024-55,2024-08-23,2029-08-22,,
한국전력공사,신경산변전소,KSG,35.8722,128.8347,기록계,Kinemetrics,Q330S+,6289,O-2024-41,2024-07-25,2029-07-24,,
한국전력공사,신경산변전소,KSG,35.8722,128.8347,가속도계,Kinemetrics,ES-T,7733,O-2024-41,2024-07-25,2029-07-24,,
한국전력공사,울산복합스위치야드,USG,35.4776,129.383,기록계,Kinemetrics,Q330S+,6291,O-2024-57,2024-08-26,2029-08-25,,
한국전력공사,울산복합스위치야드,USG,35.4776,129.383,가속도계,Kinemetrics,ES-T,7735,O-2024-57,2024-08-26,2029-08-25,,
한국전력공사,울주변전소,UJG,35.6742,129.2104,기록계,Kinemetrics,Q330S+,6292,O-2024-58,2024-08-27,2029-08-26,,
한국전력공사,울주변전소,UJG,35.6742,129.2104,가속도계,Kinemetrics,ES-T,7736,O-2024-58,2024-08-27,2029-08-26,,
한국전력공사,고리NP스위치야드,KRG,35.3249,129.2932,기록계,Kinemetrics,Q330S+,6293,O-2024-118,2024-10-17,2029-10-16,,
한국전력공사,고리NP스위치야드,KRG,35.3249,129.2932,가속도계,Kinemetrics,ES-T,7737,O-2024-118,2024-10-17,2029-10-16,,
한국전력공사,신양산변전소,YNG,35.2408,129.1793,기록계,Kinemetrics,Q330S+,6294,O-2024-112,2024-10-16,2029-10-15,,
한국전력공사,신양산변전소,YNG,35.2408,129.1793,가속도계,Kinemetrics,ES-T,7738,O-2024-112,2024-10-16,2029-10-15,,
한국전력공사,북부산변전소,NBG,35.2365,129.0245,기록계,Kinemetrics,Q330S+,6295,O-2024-123,2024-10-18,2029-10-17,,
한국전력공사,북부산변전소,NBG,35.2365,129.0245,가속도계,Kinemetrics,ES-T,7739,O-2024-123,2024-10-18,2029-10-17,,
한국전력공사,신고성변전소,SPG,34.911,128.1093,가속도계,Kinemetrics,ES-T,7740,O-2024-50,2024-08-08,2029-08-07,,
한국전력공사,신김해변전소,KHG,35.2191,128.7779,가속도계,Kinemetrics,ES-T,7741,O-2024-47,2024-08-06,2029-08-05,,
한국전력공사,신마산변전소,MSG,35.2876,128.5249,기록계,Kinemetrics,Q330S+,6262,O-2024-54,2024-08-23,2029-08-22,,
한국전력공사,신마산변전소,MSG,35.2876,128.5249,가속도계,Kinemetrics,ES-T,7742,O-2024-54,2024-08-23,2029-08-22,,
한국전력공사,서제주변환소,WJG,33.4549,126.474,기록계,Kinemetrics,Q330S+,6299,O-2024-133,2024-10-23,2029-10-22,,
한국전력공사,서제주변환소,WJG,33.4549,126.474,가속도계,Kinemetrics,ES-T,7743,O-2024-133,2024-10-23,2029-10-22,,
한국전력공사,제주변환소,JUG,33.5352,126.5956,기록계,Kinemetrics,Q330S+,6300,O-2024-131,2024-10-23,2029-10-22,,
한국전력공사,제주변환소,JUG,33.5352,126.5956,가속도계,Kinemetrics,ES-T,7744,O-2024-131,2024-10-23,2029-10-22,,
한국지질자원연구원,덕정리,DKJ2,35.96044,129.0925,기록계,Kinemetrics,Q330HRS,7332,I-2024-23,2024-04-24,2029-04-23,,
한국지질자원연구원,덕정리,DKJ2,35.96044,129.0925,가속도계,Kinemetrics,ES-DH,122,I-2024-23,2024-04-24,2029-04-23,,
한국지질자원연구원,독도,DOKDO,37.2393,131.8696,속도계,Streckeisen,STS-2.5,150345,O-2024-105,2024-10-12,2029-10-11,,
한국지질자원연구원,독도,DOKDO,37.2393,131.8696,가속도계,Kinemetrics,ES-T,1536,O-2024-105,2024-10-12,2029-10-11,,
한국지질자원연구원,학계리,HAK,35.92955,129.50037,기록계,Kinemetrics,Q330HRS,5991,I-2024-61,2024-08-23,2029-08-22,,
한국지질자원연구원,학계리,HAK,35.92955,129.50037,가속도계,Kinemetrics,ES-T,2080,I-2024-24,2024-04-25,2029-04-24,,
한국지질자원연구원,화순,HWSB,34.97682,126.89941,가속도계,Kinemetrics,ES-DH,290,I-2024-23,2024-04-24,2029-04-23,,
한국지질자원연구원,제주도,JJB,33.45151,126.65586,기록계,Kinemetrics,Q330HRS,5144,O-2024-128,2024-10-22,2029-10-21,,
한국지질자원연구원,제주도,JJB,33.45151,126.65586,속도계,Guralp,CMG-3TB_C,T310046,O-2024-128,2024-10-22,2029-10-21,,
한국지질자원연구원,제주도,JJB,33.45151,126.65586,가속도계,Kinemetrics,ES-DH,550,O-2024-128,2024-10-22,2029-10-21,,
한국지질자원연구원,문경,MGB,36.6402,128.2146,기록계,Kinemetrics,Q330HRS,6584,O-2024-207,2024-11-22,2029-11-21,,
한국지질자원연구원,문경,MGB,36.6402,128.2146,속도계,Guralp,CMG-3TB_C,T310047,O-2024-207,2024-11-22,2029-11-21,,
한국지질자원연구원,마라도,MRD,33.1166,126.26596,가속도계,Kinemetrics,ES-T,9405,I-2024-24,2024-04-25,2029-04-24,,
한국지질자원연구원,봉계,BOG,35.70143,129.20666,기록계,Kinemetrics,Q330HRS,6457,O-2024-144,2024-10-28,2029-10-27,,
한국지질자원연구원,봉계,BOG,35.70143,129.20666,가속도계,Kinemetrics,ES-DH,549,O-2024-144,2024-10-28,2029-10-27,,
한국지질자원연구원,천군,CGU,35.8194,129.26982,기록계,Kinemetrics,Q330HRS,6455,O-2024-213,2024-11-28,2029-11-27,,
한국지질자원연구원,천군,CGU,35.8194,129.26982,가속도계,Kinemetrics,ES-DH,547,O-2024-213,2024-11-28,2029-11-27,,
한국지질자원연구원,덕천,DUC,35.74455,129.17576,기록계,Kinemetrics,Q330HRS,6460,O-2024-210,2024-11-27,2029-11-26,,
한국지질자원연구원,덕천,DUC,35.74455,129.17576,가속도계,Kinemetrics,ES-DH,548,O-2024-210,2024-11-27,2029-11-26,,
한국지질자원연구원,건천,GCN,35.81701,129.13627,기록계,Kinemetrics,Q330HRS,6454,O-2024-215,2024-11-28,2029-11-27,,
한국지질자원연구원,건천,GCN,35.81701,129.13627,가속도계,Kinemetrics,ES-DH,546,O-2024-215,2024-11-28,2029-11-27,,
한국지질자원연구원,원주 KSRS,CRB,37.38983,127.9589,기록계,Kinemetrics,Q330HRS,5929,I-2024-61,2024-08-23,2029-08-22,,
한국가스공사,고척관리소,GCG,37.4948,126.8655,가속도계,GDS,SQ-120R,S0055,O-2025-235,2025-11-20,2030-11-19,,
한국가스공사,광양관리소,GYG,34.9625,127.6482,기록계,동일테크,DSS-1030,DISS-R3-KR/00070,I-2025-154,2025-11-14,2030-11-13,,
한국가스공사,교하관리소,KDG,37.7366,126.7199,가속도계,GDS,SQ-120R,S0059,O-2025-238,2025-11-20,2030-11-19,,
한국가스공사,군산관리소,GUG,35.9832,126.7978,가속도계,GDS,SQ-120R,S0080,O-2025-85,2025-08-28,2030-08-27,,
한국가스공사,금호관리소,KHG,35.9437,128.9052,기록계,오토시스,VS-24150C,24150C-20E003,O-2025-53,2025-07-23,2030-07-22,,
한국가스공사,금호관리소,KHG,35.9437,128.9052,가속도계,오토시스,VL-3120S,VS3120S-20E003,O-2025-53,2025-07-23,2030-07-22,,
한국가스공사,김해관리소,GHG,35.2258,128.9147,가속도계,GDS,SQ-120R,S0092,O-2025-51,2025-07-22,2030-07-21,,
한국가스공사,대천관리소,DCG,36.378,126.576,기록계,Guralp,CMG-DAS-S3,A8134,I-2025-102,2025-09-17,2030-09-16,,
한국가스공사,동탄관리소,DTG,37.22,127.08,기록계,동일테크,DSS-1030,DISS-R3-KR-00073,-,2025-11-18,2030-11-17,I-2026-1,2026-01-09
한국가스공사,동탄관리소,DTG,37.22,127.08,가속도계,GDS,SQ-120R,S0070,O-2025-222,2025-11-18,2030-11-17,,
한국가스공사,문막관리소,WMG,37.3,127.81,기록계,오토시스,VS-24150C,VS24150C-20D003,O-2025-189,2025-11-05,2030-11-04,,
한국가스공사,밀양관리소,MYG,35.488,128.7217,기록계,동일테크,DSS-1030,DISS-R3-KR/00060,I-2025-128,2025-10-20,2030-10-19,,
한국가스공사,밀양관리소,MYG,35.488,128.7217,가속도계,GDS,SQ-120R,S0103,O-2025-49,2025-07-16,2030-07-15,,
한국가스공사,부곡관리소,BUG,36.9616,126.7787,기록계,동일테크,DSS-1030,DISS-R3-KR/00056,I-2025-174,2025-12-03,2030-12-02,,
한국가스공사,상주관리소,SJG,36.431,128.21,기록계,동일테크,DSS-1030,DISS-R3-KR/00095,I-2025-113,2025-09-26,2030-09-25,,
한국가스공사,서산관리소,SMG,36.8173,126.492,가속도계,GDS,SQ-120R,S0078,O-2025-78,2025-08-26,2030-08-25,,
한국가스공사,서천관리소,SEG,36.0967,126.6628,기록계,오토시스,VS-24150C,VS24150C-190903-001,O-2025-83,2025-08-27,2030-08-26,,
한국가스공사,양산관리소,YSG,35.1818,129.0512,가속도계,GDS,SQ-120R,S0094,O-2025-50,2025-07-22,2030-07-21,,
한국가스공사,영월관리소,YOG,37.162,128.476,가속도계,GDS,SQ-120R,S0076,O-2025-178,2025-11-03,2030-11-02,,
한국가스공사,외동관리소,ODG,35.726,129.315,기록계,동일테크,DSS-1030,DISS-R3-KR/00051,O-2025-63,2025-08-04,2030-08-03,,
한국가스공사,외동관리소,ODG,35.726,129.315,가속도계,동일테크,DSS-2030,DISS-S3-FB/00223,O-2025-63,2025-08-04,2030-08-03,,
한국가스공사,용강관리소,YGG,35.8808,129.2268,가속도계,GDS,SQ-120R,S0084,O-2025-64,2025-08-05,2030-08-04,,
한국가스공사,웅상관리소,WSG,35.2454,129.0926,기록계,동일테크,DSS-1030,DISS-R3-KR/00072,O-2025-65,2025-08-06,2030-08-05,,
한국가스공사,웅상관리소,WSG,35.2454,129.0926,가속도계,GDS,SQ-120R,S0093,O-2025-65,2025-08-06,2030-08-05,,
한국가스공사,익산관리소,ISG,35.9625,127.0163,가속도계,GDS,SQ-120R,S0081,O-2025-87,2025-08-28,2030-08-27,,
한국가스공사,장림관리소,JAG,35.0788,128.9549,가속도계,GDS,SQ-120R,S0090,O-2025-48,2025-07-15,2030-07-14,,
한국가스공사,중리관리소,JRG,35.866,128.533,기록계,오토시스,VS-24150C,VS24150C-191210-01,O-2025-52,2025-07-22,2030-07-21,,
한국가스공사,중리관리소,JRG,35.866,128.533,가속도계,오토시스,VL-3120S,VL-3120S-191210-01,O-2025-52,2025-07-22,2030-07-21,,
한국가스공사,청주관리소,CZG,36.65,127.45,기록계,동일테크,DSS-1030,DISS-R3-KR/00055,O-2025-69,2025-08-19,2030-08-18,,
한국가스공사,청주관리소,CZG,36.65,127.45,가속도계,동일테크,DSS-2030,DISS-S3-FB/000232,O-2025-69,2025-08-19,2030-08-18,,
한국가스공사,춘천관리소,ZCG,37.824,127.76,가속도계,GDS,SQ-120R,S0073,O-2025-180,2025-11-04,2030-11-03,,
한국가스공사,태백관리소,TBG,37.15788,128.9659,가속도계,GDS,SQ-120R,S0075,O-2025-159,2025-10-23,2030-10-22,,
한국가스공사,평택관리소,PTG,37,127.06,기록계,동일테크,DSS-1030,DISS-R3-KR/00076,I-2025-18,2025-02-24,2030-02-23,,
한국가스공사,포항관리소,PHG,36.004,129.312,기록계,오토시스,VS-24150C,VS24150C-191210-02,O-2025-55,2025-07-24,2030-07-23,,
한국가스공사,포항관리소,PHG,36.004,129.312,가속도계,오토시스,VL-3120S,VL-3120S-191210-02,O-2025-55,2025-07-24,2030-07-23,,
한국가스공사,학장관리소,HCG,35.1442,128.9764,가속도계,GDS,SQ-120R,S0089,O-2025-47,2025-07-15,2030-07-14,,
한국가스공사,홍성관리소,HOG,36.6055,126.6411,기록계,동일테크,DSS-1030,DISS-R3-KR/00059,O-2025-80,2025-08-26,2030-08-25,,
한국가스공사,홍천관리소,OCG,37.69,127.85,가속도계,GDS,SQ-120R,S0074,O-2025-182,2025-11-04,2030-11-03,,
한국가스공사,봉개관리소,JBG,33.4805,126.5965,기록계,동일테크,DSS-1030,DISS-R3-KR/00053,I-2025-63,2025-07-25,2030-07-24,,
한국가스공사,봉개관리소,JBG,33.4805,126.5965,가속도계,동일테크,DSS-2030,DISS-S3-FB/00230,O-2025-36,2025-06-17,2030-06-16,,
한국가스공사,평해관리소,FHG,36.7122,129.4429,기록계,오토시스,VS-24150C,VS24150C-181019-02,O-2025-58,2025-07-29,2030-07-28,,
한국가스공사,평해관리소,FHG,36.7122,129.4429,가속도계,오토시스,VL-3120S,VL-3120S-18H004,O-2025-30,2025-05-21,2030-05-20,,
한국가스공사,적량관리소,ZRG,35.0776,127.7725,기록계,오토시스,VS-24150C,VS24150C-181019-01,O-2025-30,2025-05-21,2030-05-20,,
한국가스공사,적량관리소,ZRG,35.0776,127.7725,가속도계,오토시스,VL-3120S,VS-3120S-20E001,O-2025-30,2025-05-21,2030-05-20,,
한국가스공사,제주생산기지,AWG,33.4721,126.3243,기록계,Geosig,GMSPlus,103733,O-2025-39,2025-06-19,2030-06-18,,
한국가스공사,제주생산기지,AWG,33.4721,126.3243,가속도계,Geosig,AC-73,56995,O-2025-39,2025-06-19,2030-06-18,,
한국가스공사,서귀포관리소,HWG,33.1934,126.2818,기록계,동일테크,DSS-1030,DISS-S3-FB/00054,I-2025-63,2025-07-25,2030-07-24,,
한국가스공사,서귀포관리소,HWG,33.1934,126.2818,가속도계,동일테크,DSS-2030,DISS-S3-FB/00231,O-2025-38,2025-06-18,2030-06-17,,
한국가스공사,남사관리소,NSG,37.1352,127.1708,기록계,Guralp,DAS-U-S3,A8130,I-2025-101,2025-09-17,2030-09-16,,
한국가스공사,남사관리소,NSG,37.1352,127.1708,가속도계,Guralp,CMG-5TC,T5W96,I-2025-69,2025-08-14,2030-08-13,,
한국가스공사,구미관리소,GMG,36.1043,128.273,기록계,오토시스,VS-24150C,SN2410-001,I-2025-7,2025-01-22,2030-01-21,,
한국가스공사,구미관리소,GMG,36.1043,128.273,가속도계,오토시스,VL-3120S,SN2410-002,I-2025-20,2025-03-05,2030-03-04,,
한국가스공사,북면관리소,BM,37.1187,129.3728,기록계,동일테크,DSS-1030,DISS-R3-KR/00148,I-2025-67,2025-08-14,2030-08-13,,
한국가스공사,북면관리소,BM,37.1187,129.3728,가속도계,동일테크,DSS-2030,DISS-S3-FB/00572,I-2025-68,2025-08-14,2030-08-13,,
한국농어촌공사,동화,DHG,35.542662,127.539815,기록계,GeoSIG,GMSplus,105133,I-2025-172,2025-12-03,2030-12-02,,
한국농어촌공사,동화,DHG,35.542662,127.539815,가속도계,GeoSIG,AC-73-DH,57271,I-2025-173,2025-12-03,2030-12-02,,
한국농어촌공사,성주,SJG,35.9083,128.15124,기록계,GeoSIG,GMSplus,105137,I-2025-147,2025-11-07,2030-11-06,,
한국농어촌공사,성주,SJG,35.9083,128.15124,가속도계,GeoSIG,AC-73-DH,57274,I-2025-17,2025-02-24,2030-02-23,,
한국농어촌공사,탑정,TJG,36.17756,127.14797,기록계,Guralp,CMG-DAS-U-S3,A4618/5561,I-2025-184,2025-12-16,2030-12-15,,
한국농어촌공사,나주,NJG,34.9591,126.8668,기록계,Guralp,CMG-DAS-U-S3,A4482/5494,I-2025-61,2025-07-23,2030-07-22,,
한국농어촌공사,광주,GOG,35.2019,126.9848,기록계,Guralp,CMG-DM24,A6785/6948,I-2025-61,2025-07-23,2030-07-22,,
한국농어촌공사,금광,GGG,36.9985,127.3277,기록계,에스에이텍,SAT-SED0103,A00050,I-2025-185,2025-12-17,2030-12-16,,
한국농어촌공사,오창,OCG,36.7334,127.4073,기록계,Guralp,CMG-DAS-S3,A7720/8133,I-2025-180,2025-12-05,2030-12-04,,
한국농어촌공사,장찬,JCG,36.2497,127.5966,기록계,Guralp,CMG-DAS-S3,A7723/8134,I-2025-50,2025-07-11,2030-07-10,,
한국농어촌공사,서부,SBG,36.1193,126.69215,기록계,Guralp,CMG-DAS-S3,A7685/8114,I-2025-184,2025-12-16,2030-12-15,,
한국농어촌공사,구이,GUG,35.7402,127.124,기록계,GeoSIG,GMSplus,103838,I-2025-137,2025-10-30,2030-10-29,,
한국농어촌공사,능,NZG,35.85421,126.82629,기록계,GeoSIG,GMSplus,103841,I-2025-136,2025-10-30,2030-10-29,,
한국농어촌공사,동상,DSG,35.9528,127.27416,기록계,GeoSIG,GMSplus,103839,I-2025-109,2025-09-24,2030-09-23,,
한국농어촌공사,옥구,OGG,35.92481,126.6494,기록계,GeoSIG,GMSplus,103820,I-2025-124,2025-10-15,2030-10-14,,
한국농어촌공사,청호,CHG,35.74732,126.67404,기록계,GeoSIG,GMSplus,103821,I-2025-122,2025-10-14,2030-10-13,,
한국농어촌공사,흥덕,HYG,35.5577,126.71589,기록계,GeoSIG,GMSplus,103822,I-2025-96,2025-09-15,2030-09-14,,
한국농어촌공사,수양,HAG,35.227263,126.679606,기록계,Guralp,CMG-DAS-S3,A7747/8171,I-2025-16,2025-02-20,2030-02-19,I-2026-50,2026-03-31
한국농어촌공사,마북,MBG,36.17574,129.26943,기록계,GeoSIG,GMSplus,103868,I-2025-73,2025-08-25,2030-08-24,,
한국농어촌공사,묘곡,MKG,35.527157,129.35747,기록계,GeoSIG,GMSplus,103867,I-2025-95,2025-09-10,2030-09-09,,
한국농어촌공사,상판,SPG,36.298474,128.006549,기록계,GeoSIG,GMSplus,103865,I-2025-58,2025-07-21,2030-07-20,,
한국농어촌공사,오태,OTG,36.496446,128.12865,기록계,GeoSIG,GMSplus,103864,I-2025-57,2025-07-21,2030-07-20,,
한국농어촌공사,금계,SGG,36.900698,128.52924,기록계,GeoSIG,GMSplus,103863,I-2025-64,2025-08-04,2030-08-03,,
한국농어촌공사,용연,YOG,36.11745,129.3019,기록계,GeoSIG,GMSplus,103869,I-2025-75,2025-08-26,2030-08-25,,
한국농어촌공사,서암,SAG,35.35986,128.24596,기록계,동일테크,DSS-1030,KR/00041,I-2025-26,2025-04-21,2030-04-20,,
한국농어촌공사,손항,SQG,35.4359,127.9793,기록계,동일테크,DSS-1030,KR/00038,I-2025-26,2025-04-21,2030-04-20,,
한국농어촌공사,주남,JMG,35.321975,128.677419,기록계,동일테크,DSS-1030,KR/00032,I-2025-26,2025-04-21,2030-04-20,,
한국농어촌공사,가북,GBG,35.77985,128.00055,기록계,동일테크,DSS-1030,KR/00035,I-2025-27,2025-04-21,2030-04-20,,
한국농어촌공사,가월,GWG,35.30296,128.69383,기록계,동일테크,DSS-1030,KR/00044,I-2025-26,2025-04-21,2030-04-20,,
한국농어촌공사,구성,GCG,35.25673,127.296397,기록계,GeoSIG,GMSplus,103901,I-2025-155,2025-11-14,2030-11-13,,
한국농어촌공사,구성,GCG,35.25673,127.296397,가속도계,GeoSIG,AC-73-DH,57270,O-2025-165,2025-10-28,2030-10-27,,
한국농어촌공사,사곡,SKG,36.2897,128.835769,가속도계,KINEMETRIC,ES-DH,700,O-2025-190,2025-11-06,2030-11-05,,
한국수력원자력,괴산수력(자유장),GSG,36.759969,127.841637,기록계,Kinemetricsinc.,Q330HRS,6709,O-2025-184,2025-11-04,2030-11-03,,
한국수력원자력,괴산수력(자유장),GSG,36.759969,127.841637,가속도계,Kinemetricsinc.,ES-T,8604,O-2025-184,2025-11-04,2030-11-03,,
한국수력원자력,강릉수력(자유장),DAG,37.606024,128.719306,기록계,Kinemetricsinc.,Q330HRS,6707,O-2025-191,2025-11-06,2030-11-05,,
한국수력원자력,강릉수력(자유장),DAG,37.606024,128.719306,가속도계,Kinemetricsinc.,ES-T,8601,O-2025-191,2025-11-06,2030-11-05,,
한국수력원자력,보성강수력(자유장),BSG,34.8053097,127.1461923,기록계,Kinemetricsinc.,Q330HRS,6980,O-2025-168,2025-10-29,2030-10-28,,
한국수력원자력,보성강수력(자유장),BSG,34.8053097,127.1461923,가속도계,Kinemetricsinc.,ES-T,8610,O-2025-168,2025-10-29,2030-10-28,,
한국수력원자력,팔당수력(자유장),PDG,37.52836131,127.2815323,기록계,Kinemetricsinc.,Q330HRS,6695,O-2025-195,2025-11-10,2030-11-09,,
한국수력원자력,팔당수력(자유장),PDG,37.52836131,127.2815323,가속도계,Kinemetricsinc.,ES-T,8586,O-2025-195,2025-11-10,2030-11-09,,
한국수력원자력,의암수력(자유장),EAG,37.83678243,127.6774552,기록계,Kinemetricsinc.,Q330HRS,6700,O-2025-209,2025-11-12,2030-11-11,,
한국수력원자력,의암수력(자유장),EAG,37.83678243,127.6774552,가속도계,Kinemetricsinc.,ES-T,8592,O-2025-209,2025-11-12,2030-11-11,,
한국수력원자력,청평수력(자유장),CPG,37.72730694,127.4213839,기록계,Kinemetricsinc.,Q330HRS,6698,O-2025-201,2025-11-11,2030-11-10,,
한국수력원자력,청평수력(자유장),CPG,37.72730694,127.4213839,가속도계,Kinemetricsinc.,ES-T,8589,O-2025-201,2025-11-11,2030-11-10,,
한국수력원자력,춘천수력(자유장),CCG,37.96759139,127.6664325,기록계,Kinemetricsinc.,Q330HRS,6702,O-2025-217,2025-11-14,2030-11-13,,
한국수력원자력,춘천수력(자유장),CCG,37.96759139,127.6664325,가속도계,Kinemetricsinc.,ES-T,8595,O-2025-217,2025-11-14,2030-11-13,,
한국수력원자력,화천수력(자유장),HCG,38.11820111,127.7760372,기록계,Kinemetricsinc.,Q330HRS,6704,O-2025-214,2025-11-13,2030-11-12,,
한국수력원자력,화천수력(자유장),HCG,38.11820111,127.7760372,가속도계,Kinemetricsinc.,ES-T,8598,O-2025-214,2025-11-13,2030-11-12,,
한국수력원자력,예천양수(하부댐 자유장),YCG,36.75707333,128.4287175,기록계,Kinemetricsinc.,Q330HRS,6978,O-2025-186,2025-11-05,2030-11-04,,
한국수력원자력,예천양수(하부댐 자유장),YCG,36.75707333,128.4287175,가속도계,Kinemetricsinc.,ES-T,8607,O-2025-186,2025-11-05,2030-11-04,,
한국수자원공사,남강댐,NGG,35.16696,128.03846,기록계,GeoSIG,GMS-PLUS,103389,I-2025-29,2025-04-28,2030-04-27,,
한국수자원공사,장흥댐,JHG,34.75017,126.88352,기록계,GeoSIG,GMS-PLUS,103143,I-2025-14,2025-02-20,2030-02-19,,
한국수자원공사,합천댐,HCG,35.53337,128.03208,기록계,GeoSIG,GMS-PLUS,102349,I-2025-10,2025-01-31,2030-01-30,,
한국수자원공사,성덕댐,SDG,36.24,128.965,기록계,GeoSIG,GMS-PLUS,103894,I-2025-28,2025-04-21,2030-04-20,,
한국수자원공사,대암댐,DAG,35.54317,129.1832,기록계,GeoSIG,GMS-PLUS,103397,I-2025-31,2025-05-14,2030-05-13,,
한국수자원공사,낙단보,RDG,36.36067,128.30651,가속도계,Geosig,AC-23,51192,O-2025-21,2025-04-23,2030-04-22,,
한국원자력안전기술원,NS-N001,N001,35.764197,129.195737,기록계,Nanometrics,Centaur,3182,O-2025-97,2025-09-04,2030-09-03,,
한국원자력안전기술원,NS-N001,N001,35.764197,129.195737,속도계,Nanometrics,Trillium Compact PH,10091,O-2025-97,2025-09-04,2030-09-03,,
한국원자력안전기술원,NS-N002,N002,35.8117,129.238573,기록계,Nanometrics,Centaur,3176,O-2025-266,2025-12-04,2030-12-03,,
한국원자력안전기술원,NS-N002,N002,35.8117,129.238573,속도계,Nanometrics,Trillium Compact PH,10093,O-2025-266,2025-12-04,2030-12-03,,
한국원자력안전기술원,NS-N003,N003,35.791002,129.13511,기록계,Nanometrics,Centaur,3110,O-2025-99,2025-09-04,2030-09-03,,
한국원자력안전기술원,NS-N003,N003,35.791002,129.13511,속도계,Nanometrics,Trillium Compact PH,10116,O-2025-99,2025-09-04,2030-09-03,,
한국원자력안전기술원,NS-N004,N004,35.747327,129.128886,기록계,Nanometrics,Centaur,3207,O-2025-245,2025-11-26,2030-11-25,,
한국원자력안전기술원,NS-N004,N004,35.747327,129.128886,속도계,Nanometrics,Trillium Compact PH,10117,O-2025-245,2025-11-26,2030-11-25,,
한국원자력안전기술원,NS-N005,N005,35.678709,129.308902,기록계,Nanometrics,Centaur,3208,O-2025-118,2025-09-16,2030-09-15,,
한국원자력안전기술원,NS-N005,N005,35.678709,129.308902,속도계,Nanometrics,Trillium Compact PH,10118,O-2025-118,2025-09-16,2030-09-15,,
한국원자력안전기술원,NS-N006,N006,35.748507,129.185729,기록계,Nanometrics,Centaur,3209,O-2025-247,2025-11-27,2030-11-26,,
한국원자력안전기술원,NS-N006,N006,35.748507,129.185729,속도계,Nanometrics,Trillium Compact PH,10119,O-2025-247,2025-11-27,2030-11-26,,
한국원자력안전기술원,NS-N007,N007,35.782676,129.307393,기록계,Nanometrics,Centaur,3370,O-2025-213,2025-11-13,2030-11-12,,
한국원자력안전기술원,NS-N007,N007,35.782676,129.307393,속도계,Nanometrics,Trillium Compact PH,10120,O-2025-213,2025-11-13,2030-11-12,,
한국원자력안전기술원,NS-N008,N008,35.67038,129.371504,기록계,Nanometrics,Centaur,5225,O-2025-216,2025-11-14,2030-11-13,,
한국원자력안전기술원,NS-N008,N008,35.67038,129.371504,속도계,Nanometrics,Trillium Compact PH,6127,O-2025-216,2025-11-14,2030-11-13,,
한국원자력안전기술원,NS-N009,N009,35.745879,129.235762,기록계,Nanometrics,Centaur,5226,O-2025-255,2025-12-02,2030-12-01,,
한국원자력안전기술원,NS-N009,N009,35.745879,129.235762,속도계,Nanometrics,Trillium Compact PH,6128,O-2025-255,2025-12-02,2030-12-01,,
한국원자력안전기술원,NS-N010,N010,35.715731,129.204688,기록계,Nanometrics,Centaur,5227,O-2025-269,2025-12-04,2030-12-03,,
한국원자력안전기술원,NS-N010,N010,35.715731,129.204688,속도계,Nanometrics,Trillium Compact PH,6129,O-2025-269,2025-12-04,2030-12-03,,
한국원자력안전기술원,NS-N012,N012,35.762659,129.154943,기록계,Nanometrics,Centaur,5229,O-2025-249,2025-12-01,2030-11-30,,
한국원자력안전기술원,NS-N012,N012,35.762659,129.154943,속도계,Nanometrics,Trillium Compact PH,6277,O-2025-249,2025-12-01,2030-11-30,,
한국원자력안전기술원,NS-N013,N013,35.791895,129.171549,기록계,Nanometrics,Centaur,5230,O-2025-172,2025-10-30,2030-10-29,,
한국원자력안전기술원,NS-N013,N013,35.791895,129.171549,속도계,Nanometrics,Trillium Compact PH,6281,O-2025-172,2025-10-30,2030-10-29,,
한국원자력안전기술원,NS-N016,N016,35.774547,129.263136,기록계,Nanometrics,Centaur,5233,O-2025-104,2025-09-08,2030-09-07,,
한국원자력안전기술원,NS-N016,N016,35.774547,129.263136,속도계,Nanometrics,Trillium Compact PH,6310,O-2025-104,2025-09-08,2030-09-07,,
한국원자력안전기술원,NS-N017,N017,35.719327,129.171014,기록계,Nanometrics,Centaur,5234,O-2025-258,2025-12-03,2030-12-02,,
한국원자력안전기술원,NS-N017,N017,35.719327,129.171014,속도계,Nanometrics,Trillium Compact PH,6311,O-2025-258,2025-12-03,2030-12-02,,
한국원자력안전기술원,NS-N018,N018,35.816774,129.188146,기록계,Nanometrics,Centaur,5245,O-2025-243,2025-11-25,2030-11-24,,
한국원자력안전기술원,NS-N018,N018,35.816774,129.188146,속도계,Nanometrics,Trillium Compact PH,6312,O-2025-243,2025-11-25,2030-11-24,,
한국원자력안전기술원,NS-N020,N020,35.700857,129.156803,기록계,Nanometrics,Centaur,5247,O-2025-260,2025-12-03,2030-12-02,,
한국원자력안전기술원,NS-N020,N020,35.700857,129.156803,속도계,Nanometrics,Trillium Compact PH,6329,O-2025-260,2025-12-03,2030-12-02,,
한국원자력안전기술원,NS-N021,N021,35.730668,129.114176,기록계,Nanometrics,Centaur,5248,O-2025-246,2025-11-26,2030-11-25,,
한국원자력안전기술원,NS-N021,N021,35.730668,129.114176,속도계,Nanometrics,Trillium Compact PH,6330,O-2025-246,2025-11-26,2030-11-25,,
한국원자력안전기술원,NS-N022,N022,35.768563,129.108563,기록계,Nanometrics,Centaur,5249,O-2025-244,2025-11-26,2030-11-25,,
한국원자력안전기술원,NS-N022,N022,35.768563,129.108563,속도계,Nanometrics,Trillium Compact PH,6331,O-2025-244,2025-11-26,2030-11-25,,
한국원자력안전기술원,NS-N023,N023,35.832312,129.145948,기록계,Nanometrics,Centaur,5250,O-2025-261,2025-12-03,2030-12-02,,
한국원자력안전기술원,NS-N023,N023,35.832312,129.145948,속도계,Nanometrics,Trillium Compact PH,6332,O-2025-261,2025-12-03,2030-12-02,,
한국원자력안전기술원,NS-N024,N024,35.764107,129.049632,기록계,Nanometrics,Centaur,5251,O-2025-170,2025-10-29,2030-10-28,,
한국원자력안전기술원,NS-N024,N024,35.764107,129.049632,속도계,Nanometrics,Trillium Compact PH,6343,O-2025-170,2025-10-29,2030-10-28,,
한국원자력안전기술원,NS-N026,N026,35.724572,129.230224,기록계,Nanometrics,Centaur,5253,O-2025-254,2025-12-02,2030-12-01,,
한국원자력안전기술원,NS-N026,N026,35.724572,129.230224,속도계,Nanometrics,Trillium Compact PH,6345,O-2025-254,2025-12-02,2030-12-01,,
한국원자력안전기술원,NS-N027,N027,35.683987,129.226859,기록계,Nanometrics,Centaur,5254,O-2025-196,2025-11-11,2030-11-10,,
한국원자력안전기술원,NS-N027,N027,35.683987,129.226859,속도계,Nanometrics,Trillium Compact PH,6346,O-2025-196,2025-11-11,2030-11-10,,
한국원자력안전기술원,NS-N029,N029,35.667411,129.156915,기록계,Nanometrics,Centaur,5256,O-2025-262,2025-12-03,2030-12-02,,
한국원자력안전기술원,NS-N029,N029,35.667411,129.156915,속도계,Nanometrics,Trillium Compact PH,6348,O-2025-262,2025-12-03,2030-12-02,,
한국원자력안전기술원,NS-N031,N031,35.823777,129.107575,기록계,Nanometrics,Centaur,5258,O-2025-95,2025-09-03,2030-09-02,,
한국원자력안전기술원,NS-N031,N031,35.823777,129.107575,속도계,Nanometrics,Trillium Compact PH,6350,O-2025-95,2025-09-03,2030-09-02,,
한국원자력안전기술원,NS-N032,N032,35.866199,129.202669,기록계,Nanometrics,Centaur,5259,O-2025-108,2025-09-10,2030-09-09,,
한국원자력안전기술원,NS-N032,N032,35.866199,129.202669,속도계,Nanometrics,Trillium Compact PH,6351,O-2025-108,2025-09-10,2030-09-09,,
한국원자력안전기술원,NS-N033,N033,35.807421,129.306693,기록계,Nanometrics,Centaur,6300,O-2025-280,2025-12-10,2030-12-09,,
한국원자력안전기술원,NS-N033,N033,35.807421,129.306693,속도계,Nanometrics,Trillium Compact PH,6352,O-2025-280,2025-12-10,2030-12-09,,
한국원자력안전기술원,NS-N034,N034,35.763901,129.322272,기록계,Nanometrics,Centaur,5261,O-2025-212,2025-11-13,2030-11-12,,
한국원자력안전기술원,NS-N034,N034,35.763901,129.322272,속도계,Nanometrics,Trillium Compact PH,6358,O-2025-212,2025-11-13,2030-11-12,,
한국원자력안전기술원,NS-N035,N035,35.730037,129.303873,기록계,Nanometrics,Centaur,5262,O-2025-121,2025-09-17,2030-09-16,,
한국원자력안전기술원,NS-N035,N035,35.730037,129.303873,속도계,Nanometrics,Trillium Compact PH,6359,O-2025-121,2025-09-17,2030-09-16,,
한국원자력안전기술원,NS-N036,N036,35.707804,129.295143,기록계,Nanometrics,Centaur,5263,O-2025-119,2025-09-16,2030-09-15,,
한국원자력안전기술원,NS-N036,N036,35.707804,129.295143,속도계,Nanometrics,Trillium Compact PH,6360,O-2025-119,2025-09-16,2030-09-15,,
한국원자력안전기술원,NS-N037,N037,35.659689,129.246629,기록계,Nanometrics,Centaur,5264,O-2025-198,2025-11-11,2030-11-10,,
한국원자력안전기술원,NS-N037,N037,35.659689,129.246629,속도계,Nanometrics,Trillium Compact PH,6361,O-2025-198,2025-11-11,2030-11-10,,
한국원자력안전기술원,NS-N038,N038,35.865107,129.145724,기록계,Nanometrics,Centaur,5316,O-2025-274,2025-12-08,2030-12-07,,
한국원자력안전기술원,NS-N038,N038,35.865107,129.145724,속도계,Nanometrics,Trillium Compact PH,6362,O-2025-274,2025-12-08,2030-12-07,,
한국원자력안전기술원,NS-N039,N039,35.862014,129.256362,기록계,Nanometrics,Centaur,5317,O-2025-273,2025-12-08,2030-12-07,,
한국원자력안전기술원,NS-N039,N039,35.862014,129.256362,속도계,Nanometrics,Trillium Compact PH,6363,O-2025-273,2025-12-08,2030-12-07,,
한국원자력안전기술원,NS-N040,N040,35.727639,129.056871,기록계,Nanometrics,Centaur,5318,O-2025-267,2025-12-04,2030-12-03,,
한국원자력안전기술원,NS-N040,N040,35.727639,129.056871,속도계,Nanometrics,Trillium Compact PH,6364,O-2025-267,2025-12-04,2030-12-03,,
한국원자력안전기술원,NS-N042,N042,35.815998,129.054596,기록계,Nanometrics,Centaur,5320,O-2025-268,2025-12-04,2030-12-03,,
한국원자력안전기술원,NS-N042,N042,35.815998,129.054596,속도계,Nanometrics,Trillium Compact PH,6372,O-2025-268,2025-12-04,2030-12-03,,
한국원자력안전기술원,NS-N044,N044,35.727621,129.27789,기록계,Nanometrics,Centaur,5322,O-2025-251,2025-12-02,2030-12-01,,
한국원자력안전기술원,NS-N044,N044,35.727621,129.27789,속도계,Nanometrics,Trillium Compact PH,6290,O-2025-251,2025-12-02,2030-12-01,,
한국원자력안전기술원,NS-N046,N046,35.662661,129.058431,기록계,Nanometrics,Centaur,5324,O-2025-155,2025-10-21,2030-10-20,,
한국원자력안전기술원,NS-N046,N046,35.662661,129.058431,속도계,Nanometrics,Trillium Compact PH,6293,O-2025-155,2025-10-21,2030-10-20,,
한국원자력안전기술원,NS-N047,N047,35.73424,129.007588,기록계,Nanometrics,Centaur,5325,O-2025-284,2025-12-16,2030-12-15,,
한국원자력안전기술원,NS-N047,N047,35.73424,129.007588,속도계,Nanometrics,Trillium Compact PH,6373,O-2025-284,2025-12-16,2030-12-15,,
한국원자력안전기술원,NS-N048,N048,35.760877,129.454783,기록계,Nanometrics,Centaur,5326,O-2025-204,2025-11-12,2030-11-11,,
한국원자력안전기술원,NS-N048,N048,35.760877,129.454783,속도계,Nanometrics,Trillium Compact PH,6374,O-2025-204,2025-11-12,2030-11-11,,
한국원자력안전기술원,NS-N049,N049,35.803894,129.407789,기록계,Nanometrics,Centaur,5327,O-2025-227,2025-11-19,2030-11-18,,
한국원자력안전기술원,NS-N049,N049,35.803894,129.407789,속도계,Nanometrics,Trillium Compact PH,6375,O-2025-227,2025-11-19,2030-11-18,,
한국원자력안전기술원,NS-N051,N051,35.93768,128.949237,기록계,Nanometrics,Centaur,5329,O-2025-174,2025-10-30,2030-10-29,,
한국원자력안전기술원,NS-N051,N051,35.93768,128.949237,속도계,Nanometrics,Trillium Compact PH,6377,O-2025-174,2025-10-30,2030-10-29,,
한국원자력안전기술원,NS-N052,N052,35.761692,129.356307,속도계,Nanometrics,Trillium Compact PH,6378,O-2025-257,2025-12-02,2030-12-01,,
한국원자력안전기술원,NS-N054,N054,35.89949,129.000318,속도계,Nanometrics,Trillium Compact PH,6380,O-2025-250,2025-12-01,2030-11-30,,
한국원자력안전기술원,NS-N055,N055,35.949331,129.065149,기록계,Nanometrics,Centaur,5333,O-2025-253,2025-12-02,2030-12-01,,
한국원자력안전기술원,NS-N055,N055,35.949331,129.065149,속도계,Nanometrics,Trillium Compact PH,6381,O-2025-253,2025-12-02,2030-12-01,,
한국원자력안전기술원,NS-N059,N059,35.847117,129.358493,기록계,Nanometrics,Centaur,5338,O-2025-237,2025-11-20,2030-11-19,,
한국원자력안전기술원,NS-N059,N059,35.847117,129.358493,속도계,Nanometrics,Trillium Compact PH,6385,O-2025-237,2025-11-20,2030-11-19,,
한국원자력안전기술원,NS-N060,N060,35.565192,129.301486,기록계,Nanometrics,Centaur,5339,O-2025-79,2025-08-26,2030-08-25,,
한국원자력안전기술원,NS-N060,N060,35.565192,129.301486,속도계,Nanometrics,Trillium Compact PH,6386,O-2025-79,2025-08-26,2030-08-25,,
한국원자력안전기술원,NS-N061,N061,35.599597,129.297585,기록계,Nanometrics,Centaur,5340,O-2025-77,2025-08-26,2030-08-25,,
한국원자력안전기술원,NS-N061,N061,35.599597,129.297585,속도계,Nanometrics,Trillium Compact PH,6387,O-2025-77,2025-08-26,2030-08-25,,
한국원자력안전기술원,NS-N062,N062,35.936525,129.205208,기록계,Nanometrics,Centaur,5341,O-2025-143,2025-10-01,2030-09-30,,
한국원자력안전기술원,NS-N062,N062,35.936525,129.205208,속도계,Nanometrics,Trillium Compact PH,6393,O-2025-143,2025-10-01,2030-09-30,,
한국원자력안전기술원,NS-N064,N064,35.598347,129.210751,기록계,Nanometrics,Centaur,5343,O-2025-116,2025-09-15,2030-09-14,,
한국원자력안전기술원,NS-N064,N064,35.598347,129.210751,속도계,Nanometrics,Trillium Compact PH,6395,O-2025-116,2025-09-15,2030-09-14,,
한국원자력안전기술원,NS-N065,N065,35.924037,129.143647,기록계,Nanometrics,Centaur,5344,O-2025-256,2025-12-02,2030-12-01,,
한국원자력안전기술원,NS-N065,N065,35.924037,129.143647,속도계,Nanometrics,Trillium Compact PH,6396,O-2025-256,2025-12-02,2030-12-01,,
한국원자력안전기술원,NS-N066,N066,35.595187,129.257176,기록계,Nanometrics,Centaur,5345,O-2025-81,2025-08-27,2030-08-26,,
한국원자력안전기술원,NS-N066,N066,35.595187,129.257176,속도계,Nanometrics,Trillium Compact PH,6553,O-2025-81,2025-08-27,2030-08-26,,
한국원자력안전기술원,NS-N067,N067,35.632416,129.257196,기록계,Nanometrics,Centaur,5366,O-2025-125,2025-09-18,2030-09-17,,
한국원자력안전기술원,NS-N067,N067,35.632416,129.257196,속도계,Nanometrics,Trillium Compact PH,6398,O-2025-125,2025-09-18,2030-09-17,,
한국원자력안전기술원,NS-N068,N068,35.971565,129.249309,기록계,Nanometrics,Centaur,5367,O-2025-270,2025-12-04,2030-12-03,,
한국원자력안전기술원,NS-N068,N068,35.971565,129.249309,속도계,Nanometrics,Trillium Compact PH,6399,O-2025-270,2025-12-04,2030-12-03,,
한국원자력안전기술원,NS-N069,N069,35.869352,129.099437,기록계,Nanometrics,Centaur,5368,O-2025-92,2025-09-03,2030-09-02,,
한국원자력안전기술원,NS-N069,N069,35.869352,129.099437,속도계,Nanometrics,Trillium Compact PH,6400,O-2025-92,2025-09-03,2030-09-02,,
한국원자력안전기술원,NS-N070,N070,35.599294,129.156951,기록계,Nanometrics,Centaur,5369,O-2025-215,2025-11-14,2030-11-13,,
한국원자력안전기술원,NS-N070,N070,35.599294,129.156951,속도계,Nanometrics,Trillium Compact PH,6401,O-2025-215,2025-11-14,2030-11-13,,
한국원자력안전기술원,NS-N071,N071,35.93511,129.312081,기록계,Nanometrics,Centaur,5370,O-2025-142,2025-10-01,2030-09-30,,
한국원자력안전기술원,NS-N071,N071,35.93511,129.312081,속도계,Nanometrics,Trillium Compact PH,6402,O-2025-142,2025-10-01,2030-09-30,,
한국원자력안전기술원,NS-N072,N072,35.635609,129.306743,기록계,Nanometrics,Centaur,5371,O-2025-91,2025-09-03,2030-09-02,,
한국원자력안전기술원,NS-N072,N072,35.635609,129.306743,속도계,Nanometrics,Trillium Compact PH,6403,O-2025-91,2025-09-03,2030-09-02,,
한국원자력안전기술원,NS-N075,N075,35.540659,129.155039,기록계,Nanometrics,Centaur,5374,O-2025-71,2025-08-20,2030-08-19,,
한국원자력안전기술원,NS-N075,N075,35.540659,129.155039,속도계,Nanometrics,Trillium Compact PH,6406,O-2025-71,2025-08-20,2030-08-19,,
한국원자력안전기술원,NS-N076,N076,35.639327,129.348705,기록계,Nanometrics,Centaur,5375,O-2025-93,2025-09-03,2030-09-02,,
한국원자력안전기술원,NS-N076,N076,35.639327,129.348705,속도계,Nanometrics,Trillium Compact PH,6407,O-2025-93,2025-09-03,2030-09-02,,
한국원자력안전기술원,NS-N079,N079,35.745478,129.388633,기록계,Nanometrics,Centaur,5409,O-2025-207,2025-11-12,2030-11-11,,
한국원자력안전기술원,NS-N079,N079,35.745478,129.388633,속도계,Nanometrics,Trillium Compact PH,6410,O-2025-207,2025-11-12,2030-11-11,,
한국원자력안전기술원,NS-N080,N080,35.888968,129.188051,기록계,Nanometrics,Centaur,5410,O-2025-265,2025-12-03,2030-12-02,,
한국원자력안전기술원,NS-N080,N080,35.888968,129.188051,속도계,Nanometrics,Trillium Compact PH,6411,O-2025-265,2025-12-03,2030-12-02,,
한국원자력안전기술원,NS-N081,N081,35.696168,129.390796,기록계,Nanometrics,Centaur,5411,O-2025-210,2025-11-13,2030-11-12,,
한국원자력안전기술원,NS-N081,N081,35.696168,129.390796,속도계,Nanometrics,Trillium Compact PH,6412,O-2025-210,2025-11-13,2030-11-12,,
한국원자력안전기술원,NS-N082,N082,35.596945,129.096536,기록계,Nanometrics,Centaur,5412,O-2025-128,2025-09-19,2030-09-18,,
한국원자력안전기술원,NS-N082,N082,35.596945,129.096536,속도계,Nanometrics,Trillium Compact PH,6413,O-2025-128,2025-09-19,2030-09-18,,
한국원자력안전기술원,NS-N083,N083,35.900712,129.156132,기록계,Nanometrics,Centaur,5413,O-2025-264,2025-12-03,2030-12-02,,
한국원자력안전기술원,NS-N083,N083,35.900712,129.156132,속도계,Nanometrics,Trillium Compact PH,6414,O-2025-264,2025-12-03,2030-12-02,,
한국원자력안전기술원,NS-N085,N085,35.632042,129.053433,기록계,Nanometrics,Centaur,5415,O-2025-134,2025-09-29,2030-09-28,,
한국원자력안전기술원,NS-N085,N085,35.632042,129.053433,속도계,Nanometrics,Trillium Compact PH,6416,O-2025-134,2025-09-29,2030-09-28,,
한국원자력안전기술원,NS-N087,N087,35.759827,129.426055,기록계,Nanometrics,Centaur,5417,O-2025-205,2025-11-12,2030-11-11,,
한국원자력안전기술원,NS-N087,N087,35.759827,129.426055,속도계,Nanometrics,Trillium Compact PH,6509,O-2025-205,2025-11-12,2030-11-11,,
한국원자력안전기술원,NS-N090,N090,35.653285,129.024714,기록계,Nanometrics,Centaur,5420,O-2025-140,2025-10-01,2030-09-30,,
한국원자력안전기술원,NS-N090,N090,35.653285,129.024714,속도계,Nanometrics,Trillium Compact PH,6552,O-2025-140,2025-10-01,2030-09-30,,
한국원자력안전기술원,NS-N091,N091,35.757694,128.95276,기록계,Nanometrics,Centaur,5421,O-2025-283,2025-12-15,2030-12-14,,
한국원자력안전기술원,NS-N091,N091,35.757694,128.95276,속도계,Nanometrics,Trillium Compact PH,6397,O-2025-283,2025-12-15,2030-12-14,,
한국원자력안전기술원,NS-N093,N093,35.604709,129.056414,기록계,Nanometrics,Centaur,5260,O-2025-175,2025-11-03,2030-11-02,,
한국원자력안전기술원,NS-N093,N093,35.604709,129.056414,속도계,Nanometrics,Trillium Compact PH,6557,O-2025-175,2025-11-03,2030-11-02,,
한국원자력안전기술원,NS-N095,N095,35.78695,129.019783,기록계,Nanometrics,Centaur,5495,O-2025-171,2025-10-29,2030-10-28,,
한국원자력안전기술원,NS-N095,N095,35.78695,129.019783,속도계,Nanometrics,Trillium Compact PH,6562,O-2025-171,2025-10-29,2030-10-28,,
한국원자력안전기술원,NS-N096,N096,35.826315,128.992357,기록계,Nanometrics,Centaur,5496,O-2025-278,2025-12-09,2030-12-08,,
한국원자력안전기술원,NS-N096,N096,35.826315,128.992357,속도계,Nanometrics,Trillium Compact PH,6563,O-2025-278,2025-12-09,2030-12-08,,
한국원자력안전기술원,NS-N098,N098,35.521526,129.075216,기록계,Nanometrics,Centaur,5498,O-2025-72,2025-08-21,2030-08-20,,
한국원자력안전기술원,NS-N098,N098,35.521526,129.075216,속도계,Nanometrics,Trillium Compact PH,7193,O-2025-72,2025-08-21,2030-08-20,,
한국원자력안전기술원,NS-N099,N099,35.668097,129.003343,기록계,Nanometrics,Centaur,5497,O-2025-286,2025-12-16,2030-12-15,,
한국원자력안전기술원,NS-N099,N099,35.668097,129.003343,속도계,Nanometrics,Trillium Compact PH,6564,O-2025-286,2025-12-16,2030-12-15,,
한국원자력안전기술원,NS-N100,N100,35.875149,129.32117,기록계,Nanometrics,Centaur,5500,O-2025-277,2025-12-09,2030-12-08,,
한국원자력안전기술원,NS-N100,N100,35.875149,129.32117,속도계,Nanometrics,Trillium Compact PH,6582,O-2025-277,2025-12-09,2030-12-08,,
한국원자력안전기술원,NS-N102,N102,35.637568,129.214216,기록계,Nanometrics,Centaur,5502,O-2025-199,2025-11-11,2030-11-10,,
한국원자력안전기술원,NS-N102,N102,35.637568,129.214216,속도계,Nanometrics,Trillium Compact PH,7217,O-2025-199,2025-11-11,2030-11-10,,
한국원자력안전기술원,NS-N103,N103,35.637968,129.099029,기록계,Nanometrics,Centaur,5503,O-2025-192,2025-11-06,2030-11-05,,
한국원자력안전기술원,NS-N103,N103,35.637968,129.099029,속도계,Nanometrics,Trillium Compact PH,6585,O-2025-192,2025-11-06,2030-11-05,,
한국원자력안전기술원,NS-N104,N104,35.633694,129.14705,기록계,Nanometrics,Centaur,5504,O-2025-176,2025-11-03,2030-11-02,,
한국원자력안전기술원,NS-N104,N104,35.633694,129.14705,속도계,Nanometrics,Trillium Compact PH,6586,O-2025-176,2025-11-03,2030-11-02,,
한국원자력안전기술원,NS-N105,N105,35.650424,129.418511,기록계,Nanometrics,Centaur,5505,O-2025-136,2025-09-30,2030-09-29,,
한국원자력안전기술원,NS-N105,N105,35.650424,129.418511,속도계,Nanometrics,Trillium Compact PH,6587,O-2025-136,2025-09-30,2030-09-29,,
한국원자력안전기술원,NS-N106,N106,35.836964,129.402621,기록계,Nanometrics,Centaur,5506,O-2025-230,2025-11-19,2030-11-18,,
한국원자력안전기술원,NS-N106,N106,35.836964,129.402621,속도계,Nanometrics,Trillium Compact PH,6588,O-2025-230,2025-11-19,2030-11-18,,
한국원자력안전기술원,NS-N109,N109,35.783865,129.384485,기록계,Nanometrics,Centaur,5509,O-2025-233,2025-11-20,2030-11-19,,
한국원자력안전기술원,NS-N109,N109,35.783865,129.384485,속도계,Nanometrics,Trillium Compact PH,6591,O-2025-233,2025-11-20,2030-11-19,,
한국원자력안전기술원,NS-N111,N111,35.90421,129.106129,기록계,Nanometrics,Centaur,5511,O-2025-263,2025-12-03,2030-12-02,,
한국원자력안전기술원,NS-N111,N111,35.90421,129.106129,속도계,Nanometrics,Trillium Compact PH,6593,O-2025-263,2025-12-03,2030-12-02,,
한국원자력안전기술원,NS-N115,N115,35.90668,129.060958,기록계,Nanometrics,Centaur,5521,O-2025-275,2025-12-09,2030-12-08,,
한국원자력안전기술원,NS-N115,N115,35.90668,129.060958,속도계,Nanometrics,Trillium Compact PH,6598,O-2025-275,2025-12-09,2030-12-08,,
한국원자력안전기술원,NS-N116,N116,35.895907,129.286183,기록계,Nanometrics,Centaur,5522,O-2025-276,2025-12-09,2030-12-08,,
한국원자력안전기술원,NS-N116,N116,35.895907,129.286183,속도계,Nanometrics,Trillium Compact PH,6600,O-2025-276,2025-12-09,2030-12-08,,
한국원자력안전기술원,NS-N117,N117,35.863643,129.431618,기록계,Nanometrics,Centaur,5523,O-2025-208,2025-11-12,2030-11-11,,
한국원자력안전기술원,NS-N117,N117,35.863643,129.431618,속도계,Nanometrics,Trillium Compact PH,6601,O-2025-208,2025-11-12,2030-11-11,,
한국원자력안전기술원,NS-N118,N118,35.833563,129.442075,기록계,Nanometrics,Centaur,5524,O-2025-206,2025-11-12,2030-11-11,,
한국원자력안전기술원,NS-N118,N118,35.833563,129.442075,속도계,Nanometrics,Trillium Compact PH,6602,O-2025-206,2025-11-12,2030-11-11,,
한국원자력안전기술원,NS-N119,N119,35.901332,129.246226,기록계,Nanometrics,Centaur,5525,O-2025-110,2025-09-10,2030-09-09,,
한국원자력안전기술원,NS-N119,N119,35.901332,129.246226,속도계,Nanometrics,Trillium Compact PH,6603,O-2025-110,2025-09-10,2030-09-09,,
한국원자력안전기술원,NS-N120,N120,35.615879,129.328924,기록계,Nanometrics,Centaur,5526,O-2025-96,2025-09-04,2030-09-03,,
한국원자력안전기술원,NS-N120,N120,35.615879,129.328924,속도계,Nanometrics,Trillium Compact PH,6604,O-2025-96,2025-09-04,2030-09-03,,
한국원자력안전기술원,NS-N121,N121,35.666224,129.273381,기록계,Nanometrics,Centaur,5568,O-2025-123,2025-09-18,2030-09-17,,
한국원자력안전기술원,NS-N121,N121,35.666224,129.273381,속도계,Nanometrics,Trillium Compact PH,6610,O-2025-123,2025-09-18,2030-09-17,,
한국원자력안전기술원,NS-N122,N122,35.705231,129.440013,기록계,Nanometrics,Centaur,5569,O-2025-181,2025-11-04,2030-11-03,,
한국원자력안전기술원,NS-N122,N122,35.705231,129.440013,속도계,Nanometrics,Trillium Compact PH,6612,O-2025-181,2025-11-04,2030-11-03,,
한국원자력안전기술원,NS-N124,N124,35.695595,129.349138,기록계,Nanometrics,Centaur,5571,O-2025-188,2025-11-05,2030-11-04,,
한국원자력안전기술원,NS-N124,N124,35.695595,129.349138,속도계,Nanometrics,Trillium Compact PH,6614,O-2025-188,2025-11-05,2030-11-04,,
한국원자력안전기술원,NS-N125,N125,35.667375,129.400611,기록계,Nanometrics,Centaur,5572,O-2025-183,2025-11-04,2030-11-03,,
한국원자력안전기술원,NS-N125,N125,35.667375,129.400611,속도계,Nanometrics,Trillium Compact PH,6615,O-2025-183,2025-11-04,2030-11-03,,
한국원자력안전기술원,NS-N127,N127,35.724124,129.455738,기록계,Nanometrics,Centaur,6230,O-2025-179,2025-11-04,2030-11-03,,
한국원자력안전기술원,NS-N127,N127,35.724124,129.455738,속도계,Nanometrics,Trillium Compact PH,7118,O-2025-179,2025-11-04,2030-11-03,,
한국원자력안전기술원,NS-N128,N128,35.825747,129.216046,기록계,Nanometrics,Centaur,6231,O-2025-112,2025-09-10,2030-09-09,,
한국원자력안전기술원,NS-N128,N128,35.825747,129.216046,속도계,Nanometrics,Trillium Compact PH,7143,O-2025-112,2025-09-10,2030-09-09,,
한국원자력안전기술원,NS-N129,N129,35.784886,129.470136,기록계,Nanometrics,Centaur,6232,O-2025-160,2025-10-23,2030-10-22,,
한국원자력안전기술원,NS-N129,N129,35.784886,129.470136,속도계,Nanometrics,Trillium Compact PH,7124,O-2025-160,2025-10-23,2030-10-22,,
한국원자력안전기술원,NS-N130,N130,35.819054,129.367632,기록계,Nanometrics,Centaur,6233,O-2025-236,2025-11-20,2030-11-19,,
한국원자력안전기술원,NS-N130,N130,35.819054,129.367632,속도계,Nanometrics,Trillium Compact PH,7154,O-2025-236,2025-11-20,2030-11-19,,
한국원자력안전기술원,NS-N131,N131,35.998492,128.962223,기록계,Nanometrics,Centaur,6234,O-2025-144,2025-10-02,2030-10-01,,
한국원자력안전기술원,NS-N131,N131,35.998492,128.962223,속도계,Nanometrics,Trillium Compact PH,7107,O-2025-144,2025-10-02,2030-10-01,,
한국원자력안전기술원,NS-N132,N132,35.999362,129.052448,기록계,Nanometrics,Centaur,5815,O-2025-147,2025-10-14,2030-10-13,,
한국원자력안전기술원,NS-N132,N132,35.999362,129.052448,속도계,Nanometrics,Trillium Compact PH,6661,O-2025-147,2025-10-14,2030-10-13,,
한국원자력안전기술원,NS-N133,N133,35.991034,129.149439,기록계,Nanometrics,Centaur,5816,O-2025-218,2025-11-17,2030-11-16,,
한국원자력안전기술원,NS-N133,N133,35.991034,129.149439,속도계,Nanometrics,Trillium Compact PH,6688,O-2025-218,2025-11-17,2030-11-16,,
한국원자력안전기술원,NS-N136,N136,35.997979,129.550983,기록계,Nanometrics,Centaur,5819,O-2025-197,2025-11-11,2030-11-10,,
한국원자력안전기술원,NS-N136,N136,35.997979,129.550983,속도계,Nanometrics,Trillium Compact PH,6723,O-2025-197,2025-11-11,2030-11-10,,
한국원자력안전기술원,NS-N137,N137,35.958083,128.998951,기록계,Nanometrics,Centaur,5820,O-2025-177,2025-11-03,2030-11-02,,
한국원자력안전기술원,NS-N137,N137,35.958083,128.998951,속도계,Nanometrics,Trillium Compact PH,6657,O-2025-177,2025-11-03,2030-11-02,,
한국원자력안전기술원,NS-N141,N141,35.977212,129.399566,기록계,Nanometrics,Centaur,5824,O-2025-239,2025-11-21,2030-11-20,,
한국원자력안전기술원,NS-N141,N141,35.977212,129.399566,속도계,Nanometrics,Trillium Compact PH,6748,O-2025-239,2025-11-21,2030-11-20,,
한국원자력안전기술원,NS-N144,N144,35.943074,129.444233,기록계,Nanometrics,Centaur,6240,O-2025-223,2025-11-18,2030-11-17,,
한국원자력안전기술원,NS-N144,N144,35.943074,129.444233,속도계,Nanometrics,Trillium Compact PH,7110,O-2025-223,2025-11-18,2030-11-17,,
한국원자력안전기술원,NS-N145,N145,35.912054,129.398714,기록계,Nanometrics,Centaur,5828,O-2025-225,2025-11-18,2030-11-17,,
한국원자력안전기술원,NS-N145,N145,35.912054,129.398714,속도계,Nanometrics,Trillium Compact PH,6659,O-2025-225,2025-11-18,2030-11-17,,
한국원자력안전기술원,NS-N147,N147,35.870866,128.950732,기록계,Nanometrics,Centaur,6242,O-2025-162,2025-10-24,2030-10-23,,
한국원자력안전기술원,NS-N147,N147,35.870866,128.950732,속도계,Nanometrics,Trillium Compact PH,7134,O-2025-162,2025-10-24,2030-10-23,,
한국원자력안전기술원,NS-N148,N148,35.870287,129.056497,기록계,Nanometrics,Centaur,6243,O-2025-259,2025-12-03,2030-12-02,,
한국원자력안전기술원,NS-N148,N148,35.870287,129.056497,속도계,Nanometrics,Trillium Compact PH,7102,O-2025-259,2025-12-03,2030-12-02,,
한국원자력안전기술원,NS-N149,N149,35.590007,129.340098,기록계,Nanometrics,Centaur,6244,O-2025-98,2025-09-04,2030-09-03,,
한국원자력안전기술원,NS-N149,N149,35.590007,129.340098,속도계,Nanometrics,Trillium Compact PH,7137,O-2025-98,2025-09-04,2030-09-03,,
한국원자력안전기술원,NS-N150,N150,35.830824,129.301985,기록계,Nanometrics,Centaur,6245,O-2025-279,2025-12-10,2030-12-09,,
한국원자력안전기술원,NS-N150,N150,35.830824,129.301985,속도계,Nanometrics,Trillium Compact PH,7140,O-2025-279,2025-12-10,2030-12-09,,
한국원자력안전기술원,NS-N151,N151,35.820098,129.469829,기록계,Nanometrics,Centaur,6246,O-2025-203,2025-11-12,2030-11-11,,
한국원자력안전기술원,NS-N151,N151,35.820098,129.469829,속도계,Nanometrics,Trillium Compact PH,7150,O-2025-203,2025-11-12,2030-11-11,,
한국원자력안전기술원,NS-N154,N154,35.754365,129.484951,기록계,Nanometrics,Centaur,6249,O-2025-252,2025-12-02,2030-12-01,,
한국원자력안전기술원,NS-N154,N154,35.754365,129.484951,속도계,Nanometrics,Trillium Compact PH,7115,O-2025-252,2025-12-02,2030-12-01,,
한국원자력안전기술원,NS-N157,N157,35.710236,129.331306,기록계,Nanometrics,Centaur,6252,O-2025-187,2025-11-05,2030-11-04,,
한국원자력안전기술원,NS-N157,N157,35.710236,129.331306,속도계,Nanometrics,Trillium Compact PH,7149,O-2025-187,2025-11-05,2030-11-04,,
한국원자력안전기술원,NS-N159,N159,35.616077,128.927832,기록계,Nanometrics,Centaur,6254,O-2025-102,2025-09-08,2030-09-07,,
한국원자력안전기술원,NS-N159,N159,35.616077,128.927832,속도계,Nanometrics,Trillium Compact PH,7147,O-2025-102,2025-09-08,2030-09-07,,
한국원자력안전기술원,NS-N161,N161,35.61751,129.447041,기록계,Nanometrics,Centaur,6256,O-2025-105,2025-09-09,2030-09-08,,
한국원자력안전기술원,NS-N161,N161,35.61751,129.447041,속도계,Nanometrics,Trillium Compact PH,7104,O-2025-105,2025-09-09,2030-09-08,,
한국원자력안전기술원,NS-N164,N164,35.568847,129.402357,기록계,Nanometrics,Centaur,6260,O-2025-109,2025-09-10,2030-09-09,,
한국원자력안전기술원,NS-N164,N164,35.568847,129.402357,속도계,Nanometrics,Trillium Compact PH,7145,O-2025-109,2025-09-10,2030-09-09,,
한국원자력안전기술원,NS-N166,N166,35.570395,129.007641,기록계,Nanometrics,Centaur,6262,O-2025-248,2025-12-01,2030-11-30,,
한국원자력안전기술원,NS-N166,N166,35.570395,129.007641,속도계,Nanometrics,Trillium Compact PH,7125,O-2025-248,2025-12-01,2030-11-30,,
한국원자력안전기술원,NS-N167,N167,35.527274,129.232709,기록계,Nanometrics,Centaur,6263,O-2025-193,2025-11-10,2030-11-09,,
한국원자력안전기술원,NS-N167,N167,35.527274,129.232709,속도계,Nanometrics,Trillium Compact PH,7188,O-2025-193,2025-11-10,2030-11-09,,
한국원자력안전기술원,NS-N169,N169,35.543722,129.447139,기록계,Nanometrics,Centaur,6265,O-2025-211,2025-11-13,2030-11-12,,
한국원자력안전기술원,NS-N169,N169,35.543722,129.447139,속도계,Nanometrics,Trillium Compact PH,7108,O-2025-211,2025-11-13,2030-11-12,,
한국원자력안전기술원,NS-N170,N170,35.883572,129.384025,기록계,Nanometrics,Centaur,5825,O-2025-224,2025-11-19,2030-11-18,,
한국원자력안전기술원,NS-N170,N170,35.883572,129.384025,속도계,Nanometrics,Trillium Compact PH,6725,O-2025-224,2025-11-19,2030-11-18,,
한국원자력안전기술원,NS-N171,N171,35.843602,129.503197,기록계,Nanometrics,Centaur,6266,O-2025-202,2025-11-11,2030-11-10,,
한국원자력안전기술원,NS-N171,N171,35.843602,129.503197,속도계,Nanometrics,Trillium Compact PH,7159,O-2025-202,2025-11-11,2030-11-10,,
한국원자력안전기술원,NS-N175,N175,36.010714,129.202295,기록계,Nanometrics,Centaur,5822,O-2025-272,2025-12-05,2030-12-04,,
한국원자력안전기술원,NS-N175,N175,36.010714,129.202295,속도계,Nanometrics,Trillium Compact PH,6704,O-2025-272,2025-12-05,2030-12-04,,
한국원자력안전기술원,NS-N182,N182,35.962438,129.542308,기록계,Nanometrics,Centaur,5826,O-2025-200,2025-11-11,2030-11-10,,
한국원자력안전기술원,NS-N182,N182,35.962438,129.542308,속도계,Nanometrics,Trillium Compact PH,6703,O-2025-200,2025-11-11,2030-11-10,,
한국원자력안전기술원,NS-N184,N184,35.918699,129.351122,기록계,Nanometrics,Centaur,5811,O-2025-240,2025-11-24,2030-11-23,,
한국원자력안전기술원,NS-N184,N184,35.918699,129.351122,속도계,Nanometrics,Trillium Compact PH,6687,O-2025-240,2025-11-24,2030-11-23,,
한국원자력안전기술원,NS-N185,N185,35.896979,129.447429,기록계,Nanometrics,Centaur,5810,O-2025-219,2025-11-18,2030-11-17,,
한국원자력안전기술원,NS-N185,N185,35.896979,129.447429,속도계,Nanometrics,Trillium Compact PH,6706,O-2025-219,2025-11-18,2030-11-17,,
한국원자력안전기술원,NS-N187,N187,35.834042,128.953243,기록계,Nanometrics,Centaur,6282,O-2025-271,2025-12-04,2030-12-03,,
한국원자력안전기술원,NS-N187,N187,35.834042,128.953243,속도계,Nanometrics,Trillium Compact PH,7192,O-2025-271,2025-12-04,2030-12-03,,
한국원자력안전기술원,NS-N189,N189,35.726235,129.374978,기록계,Nanometrics,Centaur,6284,O-2025-185,2025-11-05,2030-11-04,,
한국원자력안전기술원,NS-N189,N189,35.726235,129.374978,속도계,Nanometrics,Trillium Compact PH,7191,O-2025-185,2025-11-05,2030-11-04,,
한국원자력안전기술원,NS-N190,N190,35.706829,128.951895,기록계,Nanometrics,Centaur,6285,O-2025-285,2025-12-16,2030-12-15,,
한국원자력안전기술원,NS-N190,N190,35.706829,128.951895,속도계,Nanometrics,Trillium Compact PH,7074,O-2025-285,2025-12-16,2030-12-15,,
한국원자력안전기술원,NS-N191,N191,35.681851,129.464197,기록계,Nanometrics,Centaur,6286,O-2025-137,2025-09-30,2030-09-29,,
한국원자력안전기술원,NS-N191,N191,35.681851,129.464197,속도계,Nanometrics,Trillium Compact PH,7171,O-2025-137,2025-09-30,2030-09-29,,
한국원자력안전기술원,NS-N192,N192,35.667895,128.917146,기록계,Nanometrics,Centaur,6287,O-2025-288,2025-12-17,2030-12-16,,
한국원자력안전기술원,NS-N192,N192,35.667895,128.917146,속도계,Nanometrics,Trillium Compact PH,7112,O-2025-288,2025-12-17,2030-12-16,,
한국원자력안전기술원,NS-N193,N193,35.585472,128.97066,기록계,Nanometrics,Centaur,6288,O-2025-100,2025-09-05,2030-09-04,,
한국원자력안전기술원,NS-N193,N193,35.585472,128.97066,속도계,Nanometrics,Trillium Compact PH,7123,O-2025-100,2025-09-05,2030-09-04,,
한국원자력안전기술원,NS-N196,N196,35.567675,129.252108,기록계,Nanometrics,Centaur,6293,O-2025-82,2025-08-27,2030-08-26,,
한국원자력안전기술원,NS-N196,N196,35.567675,129.252108,속도계,Nanometrics,Trillium Compact PH,7126,O-2025-82,2025-08-27,2030-08-26,,
한국원자력안전기술원,NS-N198,N198,35.534134,128.950331,기록계,Nanometrics,Centaur,6296,O-2025-89,2025-09-02,2030-09-01,,
한국원자력안전기술원,NS-N198,N198,35.534134,128.950331,속도계,Nanometrics,Trillium Compact PH,7117,O-2025-89,2025-09-02,2030-09-01,,
한국원자력안전기술원,NS-N199,N199,35.519108,129.302389,기록계,Nanometrics,Centaur,6297,O-2025-194,2025-11-10,2030-11-09,,
한국원자력안전기술원,NS-N199,N199,35.519108,129.302389,속도계,Nanometrics,Trillium Compact PH,7116,O-2025-194,2025-11-10,2030-11-09,,
한국원자력안전기술원,NS-N201,N201,35.606793,129.415265,기록계,Nanometrics,Centaur,9356,O-2025-107,2025-09-10,2030-09-09,,
한국원자력안전기술원,NS-N201,N201,35.606793,129.415265,속도계,Nanometrics,Trillium Compact PH,9240,O-2025-107,2025-09-10,2030-09-09,,
한국원자력안전기술원,NS-N202,N202,35.495482,129.141557,기록계,Nanometrics,Centaur,6236,O-2025-75,2025-08-25,2030-08-24,,
한국원자력안전기술원,NS-N202,N202,35.495482,129.141557,속도계,Nanometrics,Trillium Compact PH,7103,O-2025-75,2025-08-25,2030-08-24,,
한국원자력안전기술원,NS-N203,N203,35.443028,129.235846,기록계,Nanometrics,Centaur,6303,O-2025-221,2025-11-18,2030-11-17,,
한국원자력안전기술원,NS-N203,N203,35.443028,129.235846,속도계,Nanometrics,Trillium Compact PH,7097,O-2025-221,2025-11-18,2030-11-17,,
한국원자력안전기술원,NS-N204,N204,35.424149,129.312779,기록계,Nanometrics,Centaur,9351,O-2025-228,2025-11-19,2030-11-18,,
한국원자력안전기술원,NS-N204,N204,35.424149,129.312779,속도계,Nanometrics,Trillium Compact PH,9210,O-2025-228,2025-11-19,2030-11-18,,
한국원자력안전기술원,NS-N205,N205,35.499816,128.995561,기록계,Nanometrics,Centaur,9357,O-2025-73,2025-08-21,2030-08-20,,
한국원자력안전기술원,NS-N205,N205,35.499816,128.995561,속도계,Nanometrics,Trillium Compact PH,9241,O-2025-73,2025-08-21,2030-08-20,,
한국원자력안전기술원,NS-N206,N206,35.433467,129.071073,기록계,Nanometrics,Centaur,9358,O-2025-61,2025-07-30,2030-07-29,,
한국원자력안전기술원,NS-N206,N206,35.433467,129.071073,속도계,Nanometrics,Trillium Compact PH,9243,O-2025-61,2025-07-30,2030-07-29,,
한국원자력안전기술원,NS-N207,N207,35.424012,129.175429,기록계,Nanometrics,Centaur,6304,O-2025-220,2025-11-18,2030-11-17,,
한국원자력안전기술원,NS-N207,N207,35.424012,129.175429,속도계,Nanometrics,Trillium Compact PH,7162,O-2025-220,2025-11-18,2030-11-17,,
한국원자력안전기술원,NS-N208,N208,35.384035,129.261267,속도계,Nanometrics,Trillium Compact PH,7106,O-2025-226,2025-11-19,2030-11-18,,
한국원자력안전기술원,NS-N209,N209,35.358362,129.334671,기록계,Nanometrics,Centaur,9352,O-2025-229,2025-11-19,2030-11-18,,
한국원자력안전기술원,NS-N209,N209,35.358362,129.334671,속도계,Nanometrics,Trillium Compact PH,9233,O-2025-229,2025-11-19,2030-11-18,,
한국원자력안전기술원,NS-N210,N210,35.488074,128.879439,기록계,Nanometrics,Centaur,9359,O-2025-86,2025-08-28,2030-08-27,,
한국원자력안전기술원,NS-N210,N210,35.488074,128.879439,속도계,Nanometrics,Trillium Compact PH,9249,O-2025-86,2025-08-28,2030-08-27,,
한국원자력안전기술원,NS-N211,N211,35.43774,128.9523,기록계,Nanometrics,Centaur,6271,O-2025-113,2025-09-11,2030-09-10,,
한국원자력안전기술원,NS-N211,N211,35.43774,128.9523,속도계,Nanometrics,Trillium Compact PH,7128,O-2025-113,2025-09-11,2030-09-10,,
한국원자력안전기술원,NS-N212,N212,35.343644,129.07473,기록계,Nanometrics,Centaur,6276,O-2025-60,2025-07-30,2030-07-29,,
한국원자력안전기술원,NS-N212,N212,35.343644,129.07473,속도계,Nanometrics,Trillium Compact PH,7170,O-2025-60,2025-07-30,2030-07-29,,
한국원자력안전기술원,NS-N213,N213,35.295605,129.20036,기록계,Nanometrics,Centaur,9353,O-2025-234,2025-11-20,2030-11-19,,
한국원자력안전기술원,NS-N213,N213,35.295605,129.20036,속도계,Nanometrics,Trillium Compact PH,9234,O-2025-234,2025-11-20,2030-11-19,,
한국원자력안전기술원,NS-N214,N214,35.409536,128.853405,기록계,Nanometrics,Centaur,9360,O-2025-242,2025-11-25,2030-11-24,,
한국원자력안전기술원,NS-N214,N214,35.409536,128.853405,속도계,Nanometrics,Trillium Compact PH,9250,O-2025-242,2025-11-25,2030-11-24,,
한국원자력안전기술원,NS-N215,N215,35.363529,129.972869,기록계,Nanometrics,Centaur,6279,O-2025-62,2025-07-31,2030-07-30,,
한국원자력안전기술원,NS-N215,N215,35.363529,129.972869,속도계,Nanometrics,Trillium Compact PH,7195,O-2025-62,2025-07-31,2030-07-30,,
한국원자력안전기술원,NS-N216,N216,35.303926,129.04281,기록계,Nanometrics,Centaur,6275,O-2025-59,2025-07-29,2030-07-28,,
한국원자력안전기술원,NS-N216,N216,35.303926,129.04281,속도계,Nanometrics,Trillium Compact PH,7160,O-2025-59,2025-07-29,2030-07-28,,
한국원자력안전기술원,NS-N217,N217,35.215386,129.196391,기록계,Nanometrics,Centaur,6278,O-2025-232,2025-11-20,2030-11-19,,
한국원자력안전기술원,NS-N217,N217,35.215386,129.196391,속도계,Nanometrics,Trillium Compact PH,7194,O-2025-232,2025-11-20,2030-11-19,,
한국원자력안전기술원,NS-N218,N218,35.249026,128.933567,기록계,Nanometrics,Centaur,6273,O-2025-153,2025-10-20,2030-10-19,,
한국원자력안전기술원,NS-N218,N218,35.249026,128.933567,속도계,Nanometrics,Trillium Compact PH,7151,O-2025-153,2025-10-20,2030-10-19,,
한국원자력안전기술원,NS-N219,N219,35.181103,129.001672,기록계,Nanometrics,Centaur,9354,O-2025-57,2025-07-29,2030-07-28,,
한국원자력안전기술원,NS-N219,N219,35.181103,129.001672,속도계,Nanometrics,Trillium Compact PH,9236,O-2025-57,2025-07-29,2030-07-28,,
한국원자력안전기술원,NS-N220,N220,35.119051,129.092984,기록계,Nanometrics,Centaur,9355,O-2025-56,2025-07-28,2030-07-27,,
한국원자력안전기술원,NS-N220,N220,35.119051,129.092984,속도계,Nanometrics,Trillium Compact PH,9237,O-2025-56,2025-07-28,2030-07-27,,
한국전력공사,화성변전소,HSG,37.1391,126.8881,기록계,Kinemetrics,Q330S+,6270,I-2025-53,2025-07-15,2030-07-14,,
한국전력공사,신광명변전소,YSG,37.4587,126.8485,기록계,Kinemetrics,Q330S+,6274,I-2025-15,2025-02-20,2030-02-19,,
한국지질자원연구원,청송,CHS,36.18113,129.08811,기록계,Kinemetrics,Q330HRS,6984,I-2025-33,2025-05-21,2030-05-20,,
한국지질자원연구원,간성,KSA,38.59532,128.3516,기록계,Kinemetrics,Q330HRS,6607,O-2025-289,2025-12-18,2030-12-17,,
한국지질자원연구원,간성,KSA,38.59532,128.3516,속도계,Streckeisen,STS-2.5,140151,O-2025-289,2025-12-18,2030-12-17,,
한국지질자원연구원,북백령도,BRN,37.9712,124.6352,기록계,Kinemetrics,Q330HRS,6120,I-2025-33,2025-05-21,2030-05-20,,
한국지질자원연구원,남백령도,BRS,37.9172,124.69,기록계,Kinemetrics,Q330HRS,7339,I-2025-33,2025-05-21,2030-05-20,,
한국지질자원연구원,덕성,DES,36.14899,129.30649,기록계,Kinemetrics,Q330HRS,6681,O-2025-124,2025-09-17,2030-09-16,,
한국지질자원연구원,덕성,DES,36.14899,129.30649,속도계,Guralp,CMG-40T-1_A,T4O49,O-2025-124,2025-09-17,2030-09-16,,
한국지질자원연구원,덕성,DES,36.14899,129.30649,가속도계,Kinemetrics,ES-T,8415,O-2025-124,2025-09-17,2030-09-16,,
한국지질자원연구원,학천,HCH,36.07933,129.30517,기록계,Kinemetrics,Q330HRS,6606,O-2025-126,2025-09-18,2030-09-17,,
한국지질자원연구원,학천,HCH,36.07933,129.30517,속도계,Streckeisen,STS-2.5,151229,O-2025-126,2025-09-18,2030-09-17,,
한국지질자원연구원,학천,HCH,36.07933,129.30517,가속도계,Kinemetrics,ES-T,8418,O-2025-126,2025-09-18,2030-09-17,,
한국지질자원연구원,김포,KIP,37.75836,126.63981,가속도계,Kinemetrics,ES-T,8413,O-2025-145,2025-10-13,2030-10-12,,
한국지질자원연구원,죽천,JUC,36.09242,129.41437,기록계,Kinemetrics,Q330HRS,6603,O-2025-122,2025-09-17,2030-09-16,,
한국지질자원연구원,죽천,JUC,36.09242,129.41437,가속도계,Kinemetrics,ES-DH,559,O-2025-122,2025-09-17,2030-09-16,,
한국지질자원연구원,부경대,PKNU,35.28302,129.2585,기록계,Kinemetrics,Q330HRS,6602,O-2025-66,2025-08-13,2030-08-12,,
한국지질자원연구원,부경대,PKNU,35.28302,129.2585,가속도계,Kinemetrics,ES-DH,560,O-2025-66,2025-08-13,2030-08-12,,
한국지질자원연구원,신계,SIG,35.77083,129.32511,기록계,Kinemetrics,Q330HRS,6600,O-2025-139,2025-09-30,2030-09-29,,
한국지질자원연구원,신계,SIG,35.77083,129.32511,가속도계,Kinemetrics,ES-DH,561,O-2025-139,2025-09-30,2030-09-29,,
한국지질자원연구원,포항공대,POSB,36.02558447,129.3117572,기록계,Kinemetrics,Q330HRS,6604,O-2025-129,2025-09-19,2030-09-18,,
한국지질자원연구원,포항공대,POSB,36.02558447,129.3117572,가속도계,Kinemetrics,ES-DH,563,O-2025-129,2025-09-19,2030-09-18,,
한국지질자원연구원,울산과학기술원,UNI,35.57398,129.185,가속도계,Kinemetrics,ES-DH,692,O-2025-67,2025-08-14,2030-08-13,,
한국지질자원연구원,원달리,WDL,35.10006,127.3718,기록계,Kinemetrics,Q330HRS,6319,O-2025-45,2025-07-10,2030-07-09,,
한국지질자원연구원,원달리,WDL,35.10006,127.3718,가속도계,Kinemetrics,ES-DH,686,O-2025-45,2025-07-10,2030-07-09,,
한국지질자원연구원,입암산,IBA,35.46173,126.8393,기록계,Kinemetrics,Q330HRS,7114,O-2025-44,2025-07-09,2030-07-08,,
한국지질자원연구원,연세대학교 미래캠퍼스,YSUM,37.28255,127.9034,기록계,Kinemetrics,Q330HRS,7116,O-2025-150,2025-10-15,2030-10-14,,
한국지질자원연구원,연세대학교 미래캠퍼스,YSUM,37.28255,127.9034,가속도계,Kinemetrics,ES-DH,687,O-2025-150,2025-10-15,2030-10-14,,
한국지질자원연구원,강원대학교 춘천캠퍼스,KNUC,37.87273,127.7427,기록계,Kinemetrics,Q330HRS,7113,O-2025-152,2025-10-17,2030-10-16,,
한국지질자원연구원,강원대학교 춘천캠퍼스,KNUC,37.87273,127.7427,속도계,Streckeisen,STS-5A,130952,O-2025-152,2025-10-17,2030-10-16,,
한국지질자원연구원,강원대학교 춘천캠퍼스,KNUC,37.87273,127.7427,가속도계,Kinemetrics,ES-DH,691,O-2025-152,2025-10-17,2030-10-16,,
한국지질자원연구원,원주 KSRS,CRB,37.38983,127.9589,가속도계,Kinemetrics,ES-DH,688,O-2025-151,2025-10-16,2030-10-15,,
한국지질자원연구원,연세대학교 국제캠퍼스,YSUK,37.37918,126.671,기록계,Kinemetrics,Q330HRS,7124,O-2025-148,2025-10-14,2030-10-13,,
한국지질자원연구원,연세대학교 국제캠퍼스,YSUK,37.37918,126.671,가속도계,Kinemetrics,ES-DH,689,O-2025-148,2025-10-14,2030-10-13,,
한국지질자원연구원,옥정리,OJR,36.2319,128.8173,가속도계,Kinemetrics,ES-DH,703,O-2025-133,2025-09-26,2030-09-25,,
한국지질자원연구원,가학리,GHR,34.4866,126.8994,기록계,Kinemetrics,Q330HRS,7327,O-2025-282,2025-12-15,2030-12-14,,
한국지질자원연구원,가학리,GHR,34.4866,126.8994,가속도계,Kinemetrics,ES-DH,702,O-2025-282,2025-12-15,2030-12-14,,
